id,genre,title,body
000,政治,タイトル1,テキストテキストテキストテキストテキストテキストテキストテキストテキストテキストテキストテキストテキストテキストテキストテキストテキストテキストテキスト。テキストテキストテキストテキストテキストテキストテキストテキストテキストテキストテキストテキストテキストテキテキストテキスト。テキストテキストテキストテキストテキストテキストテキストテキストテキストテキストテキストテキストテキスト。
001,経済,タイトル2,テキストテキストテキストテキストテキストテキストテキストテキストテキストテキストテキストテキストテキストテキストテキストテキストテキストテキストテキスト。テキストテキストテキストテキストテキストテキストテキストテキストテキストテキストテキストテキストテキストテキテキストテキスト。テキストテキストテキストテキストテキストテキストテキストテキストテキストテキストテキストテキストテキスト。
002,スポーツ,タイトル3,テキストテキストテキストテキストテキストテキストテキストテキストテキストテキストテキストテキストテキストテキストテキストテキストテキストテキストテキスト。テキストテキストテキストテキストテキストテキストテキストテキストテキストテキストテキストテキストテキストテキテキストテキスト。テキストテキストテキストテキストテキストテキストテキストテキストテキストテキストテキストテキストテキスト。
003,文化芸能,タイトル4,テキストテキストテキストテキストテキストテキストテキストテキストテキストテキストテキストテキストテキストテキストテキストテキストテキストテキストテキスト。テキストテキストテキストテキストテキストテキストテキストテキストテキストテキストテキストテキストテキストテキテキストテキスト。テキストテキストテキストテキストテキストテキストテキストテキストテキストテキストテキストテキストテキスト。
004,コロナ,タイトル5,テキストテキストテキストテキストテキストテキストテキストテキストテキストテキストテキストテキストテキストテキストテキストテキストテキストテキストテキスト。テキストテキストテキストテキストテキストテキストテキストテキストテキストテキストテキストテキストテキストテキテキストテキスト。テキストテキストテキストテキストテキストテキストテキストテキストテキストテキストテキストテキストテキスト。
005,国際,タイトル6,テキストテキストテキストテキストテキストテキストテキストテキストテキストテキストテキストテキストテキストテキストテキストテキストテキストテキストテキスト。テキストテキストテキストテキストテキストテキストテキストテキストテキストテキストテキストテキストテキストテキテキストテキスト。テキストテキストテキストテキストテキストテキストテキストテキストテキストテキストテキストテキストテキスト。
006,科学,タイトル7,テキストテキストテキストテキストテキストテキストテキストテキストテキストテキストテキストテキストテキストテキストテキストテキストテキストテキストテキスト。テキストテキストテキストテキストテキストテキストテキストテキストテキストテキストテキストテキストテキストテキテキストテキスト。テキストテキストテキストテキストテキストテキストテキストテキストテキストテキストテキストテキストテキスト。
007,政治,タイトル8,テキストテキストテキストテキストテキストテキストテキストテキストテキストテキストテキストテキストテキストテキストテキストテキストテキストテキストテキスト。テキストテキストテキストテキストテキストテキストテキストテキストテキストテキストテキストテキストテキストテキテキストテキスト。テキストテキストテキストテキストテキストテキストテキストテキストテキストテキストテキストテキストテキスト。
008,経済,タイトル9,テキストテキストテキストテキストテキストテキストテキストテキストテキストテキストテキストテキストテキストテキストテキストテキストテキストテキストテキスト。テキストテキストテキストテキストテキストテキストテキストテキストテキストテキストテキストテキストテキストテキテキストテキスト。テキストテキストテキストテキストテキストテキストテキストテキストテキストテキストテキストテキストテキスト。
009,スポーツ,タイトル10,テキストテキストテキストテキストテキストテキストテキストテキストテキストテキストテキストテキストテキストテキストテキストテキストテキストテキストテキスト。テキストテキストテキストテキストテキストテキストテキストテキストテキストテキストテキストテキストテキストテキテキストテキスト。テキストテキストテキストテキストテキストテキストテキストテキストテキストテキストテキストテキストテキスト。
010,文化芸能,タイトル11,テキストテキストテキストテキストテキストテキストテキストテキストテキストテキストテキストテキストテキストテキストテキストテキストテキストテキストテキスト。テキストテキストテキストテキストテキストテキストテキストテキストテキストテキストテキストテキストテキストテキテキストテキスト。テキストテキストテキストテキストテキストテキストテキストテキストテキストテキストテキストテキストテキスト。
011,コロナ,タイトル12,テキストテキストテキストテキストテキストテキストテキストテキストテキストテキストテキストテキストテキストテキストテキストテキストテキストテキストテキスト。テキストテキストテキストテキストテキストテキストテキストテキストテキストテキストテキストテキストテキストテキテキストテキスト。テキストテキストテキストテキストテキストテキストテキストテキストテキストテキストテキストテキストテキスト。
012,国際,タイトル13,テキストテキストテキストテキストテキストテキストテキストテキストテキストテキストテキストテキストテキストテキストテキストテキストテキストテキストテキスト。テキストテキストテキストテキストテキストテキストテキストテキストテキストテキストテキストテキストテキストテキテキストテキスト。テキストテキストテキストテキストテキストテキストテキストテキストテキストテキストテキストテキストテキスト。
013,科学,タイトル14,テキストテキストテキストテキストテキストテキストテキストテキストテキストテキストテキストテキストテキストテキストテキストテキストテキストテキストテキスト。テキストテキストテキストテキストテキストテキストテキストテキストテキストテキストテキストテキストテキストテキテキストテキスト。テキストテキストテキストテキストテキストテキストテキストテキストテキストテキストテキストテキストテキスト。
014,政治,タイトル15,テキストテキストテキストテキストテキストテキストテキストテキストテキストテキストテキストテキストテキストテキストテキストテキストテキストテキストテキスト。テキストテキストテキストテキストテキストテキストテキストテキストテキストテキストテキストテキストテキストテキテキストテキスト。テキストテキストテキストテキストテキストテキストテキストテキストテキストテキストテキストテキストテキスト。
015,経済,タイトル16,テキストテキストテキストテキストテキストテキストテキストテキストテキストテキストテキストテキストテキストテキストテキストテキストテキストテキストテキスト。テキストテキストテキストテキストテキストテキストテキストテキストテキストテキストテキストテキストテキストテキテキストテキスト。テキストテキストテキストテキストテキストテキストテキストテキストテキストテキストテキストテキストテキスト。
016,スポーツ,タイトル17,テキストテキストテキストテキストテキストテキストテキストテキストテキストテキストテキストテキストテキストテキストテキストテキストテキストテキストテキスト。テキストテキストテキストテキストテキストテキストテキストテキストテキストテキストテキストテキストテキストテキテキストテキスト。テキストテキストテキストテキストテキストテキストテキストテキストテキストテキストテキストテキストテキスト。
017,文化芸能,タイトル18,テキストテキストテキストテキストテキストテキストテキストテキストテキストテキストテキストテキストテキストテキストテキストテキストテキストテキストテキスト。テキストテキストテキストテキストテキストテキストテキストテキストテキストテキストテキストテキストテキストテキテキストテキスト。テキストテキストテキストテキストテキストテキストテキストテキストテキストテキストテキストテキストテキスト。
018,コロナ,タイトル19,テキストテキストテキストテキストテキストテキストテキストテキストテキストテキストテキストテキストテキストテキストテキストテキストテキストテキストテキスト。テキストテキストテキストテキストテキストテキストテキストテキストテキストテキストテキストテキストテキストテキテキストテキスト。テキストテキストテキストテキストテキストテキストテキストテキストテキストテキストテキストテキストテキスト。
019,国際,タイトル20,テキストテキストテキストテキストテキストテキストテキストテキストテキストテキストテキストテキストテキストテキストテキストテキストテキストテキストテキスト。テキストテキストテキストテキストテキストテキストテキストテキストテキストテキストテキストテキストテキストテキテキストテキスト。テキストテキストテキストテキストテキストテキストテキストテキストテキストテキストテキストテキストテキスト。
020,科学,タイトル21,テキストテキストテキストテキストテキストテキストテキストテキストテキストテキストテキストテキストテキストテキストテキストテキストテキストテキストテキスト。テキストテキストテキストテキストテキストテキストテキストテキストテキストテキストテキストテキストテキストテキテキストテキスト。テキストテキストテキストテキストテキストテキストテキストテキストテキストテキストテキストテキストテキスト。
021,政治,タイトル22,テキストテキストテキストテキストテキストテキストテキストテキストテキストテキストテキストテキストテキストテキストテキストテキストテキストテキストテキスト。テキストテキストテキストテキストテキストテキストテキストテキストテキストテキストテキストテキストテキストテキテキストテキスト。テキストテキストテキストテキストテキストテキストテキストテキストテキストテキストテキストテキストテキスト。
022,経済,タイトル23,テキストテキストテキストテキストテキストテキストテキストテキストテキストテキストテキストテキストテキストテキストテキストテキストテキストテキストテキスト。テキストテキストテキストテキストテキストテキストテキストテキストテキストテキストテキストテキストテキストテキテキストテキスト。テキストテキストテキストテキストテキストテキストテキストテキストテキストテキストテキストテキストテキスト。
023,スポーツ,タイトル24,テキストテキストテキストテキストテキストテキストテキストテキストテキストテキストテキストテキストテキストテキストテキストテキストテキストテキストテキスト。テキストテキストテキストテキストテキストテキストテキストテキストテキストテキストテキストテキストテキストテキテキストテキスト。テキストテキストテキストテキストテキストテキストテキストテキストテキストテキストテキストテキストテキスト。
024,文化芸能,タイトル25,テキストテキストテキストテキストテキストテキストテキストテキストテキストテキストテキストテキストテキストテキストテキストテキストテキストテキストテキスト。テキストテキストテキストテキストテキストテキストテキストテキストテキストテキストテキストテキストテキストテキテキストテキスト。テキストテキストテキストテキストテキストテキストテキストテキストテキストテキストテキストテキストテキスト。
025,コロナ,タイトル26,テキストテキストテキストテキストテキストテキストテキストテキストテキストテキストテキストテキストテキストテキストテキストテキストテキストテキストテキスト。テキストテキストテキストテキストテキストテキストテキストテキストテキストテキストテキストテキストテキストテキテキストテキスト。テキストテキストテキストテキストテキストテキストテキストテキストテキストテキストテキストテキストテキスト。
026,国際,タイトル27,テキストテキストテキストテキストテキストテキストテキストテキストテキストテキストテキストテキストテキストテキストテキストテキストテキストテキストテキスト。テキストテキストテキストテキストテキストテキストテキストテキストテキストテキストテキストテキストテキストテキテキストテキスト。テキストテキストテキストテキストテキストテキストテキストテキストテキストテキストテキストテキストテキスト。
027,科学,タイトル28,テキストテキストテキストテキストテキストテキストテキストテキストテキストテキストテキストテキストテキストテキストテキストテキストテキストテキストテキスト。テキストテキストテキストテキストテキストテキストテキストテキストテキストテキストテキストテキストテキストテキテキストテキスト。テキストテキストテキストテキストテキストテキストテキストテキストテキストテキストテキストテキストテキスト。
028,政治,タイトル29,テキストテキストテキストテキストテキストテキストテキストテキストテキストテキストテキストテキストテキストテキストテキストテキストテキストテキストテキスト。テキストテキストテキストテキストテキストテキストテキストテキストテキストテキストテキストテキストテキストテキテキストテキスト。テキストテキストテキストテキストテキストテキストテキストテキストテキストテキストテキストテキストテキスト。
029,経済,タイトル30,テキストテキストテキストテキストテキストテキストテキストテキストテキストテキストテキストテキストテキストテキストテキストテキストテキストテキストテキスト。テキストテキストテキストテキストテキストテキストテキストテキストテキストテキストテキストテキストテキストテキテキストテキスト。テキストテキストテキストテキストテキストテキストテキストテキストテキストテキストテキストテキストテキスト。
030,スポーツ,タイトル31,テキストテキストテキストテキストテキストテキストテキストテキストテキストテキストテキストテキストテキストテキストテキストテキストテキストテキストテキスト。テキストテキストテキストテキストテキストテキストテキストテキストテキストテキストテキストテキストテキストテキテキストテキスト。テキストテキストテキストテキストテキストテキストテキストテキストテキストテキストテキストテキストテキスト。
031,文化芸能,タイトル32,テキストテキストテキストテキストテキストテキストテキストテキストテキストテキストテキストテキストテキストテキストテキストテキストテキストテキストテキスト。テキストテキストテキストテキストテキストテキストテキストテキストテキストテキストテキストテキストテキストテキテキストテキスト。テキストテキストテキストテキストテキストテキストテキストテキストテキストテキストテキストテキストテキスト。
032,コロナ,タイトル33,テキストテキストテキストテキストテキストテキストテキストテキストテキストテキストテキストテキストテキストテキストテキストテキストテキストテキストテキスト。テキストテキストテキストテキストテキストテキストテキストテキストテキストテキストテキストテキストテキストテキテキストテキスト。テキストテキストテキストテキストテキストテキストテキストテキストテキストテキストテキストテキストテキスト。
033,国際,タイトル34,テキストテキストテキストテキストテキストテキストテキストテキストテキストテキストテキストテキストテキストテキストテキストテキストテキストテキストテキスト。テキストテキストテキストテキストテキストテキストテキストテキストテキストテキストテキストテキストテキストテキテキストテキスト。テキストテキストテキストテキストテキストテキストテキストテキストテキストテキストテキストテキストテキスト。
034,科学,タイトル35,テキストテキストテキストテキストテキストテキストテキストテキストテキストテキストテキストテキストテキストテキストテキストテキストテキストテキストテキスト。テキストテキストテキストテキストテキストテキストテキストテキストテキストテキストテキストテキストテキストテキテキストテキスト。テキストテキストテキストテキストテキストテキストテキストテキストテキストテキストテキストテキストテキスト。
035,政治,タイトル36,テキストテキストテキストテキストテキストテキストテキストテキストテキストテキストテキストテキストテキストテキストテキストテキストテキストテキストテキスト。テキストテキストテキストテキストテキストテキストテキストテキストテキストテキストテキストテキストテキストテキテキストテキスト。テキストテキストテキストテキストテキストテキストテキストテキストテキストテキストテキストテキストテキスト。
036,経済,タイトル37,テキストテキストテキストテキストテキストテキストテキストテキストテキストテキストテキストテキストテキストテキストテキストテキストテキストテキストテキスト。テキストテキストテキストテキストテキストテキストテキストテキストテキストテキストテキストテキストテキストテキテキストテキスト。テキストテキストテキストテキストテキストテキストテキストテキストテキストテキストテキストテキストテキスト。
037,スポーツ,タイトル38,テキストテキストテキストテキストテキストテキストテキストテキストテキストテキストテキストテキストテキストテキストテキストテキストテキストテキストテキスト。テキストテキストテキストテキストテキストテキストテキストテキストテキストテキストテキストテキストテキストテキテキストテキスト。テキストテキストテキストテキストテキストテキストテキストテキストテキストテキストテキストテキストテキスト。
038,文化芸能,タイトル39,テキストテキストテキストテキストテキストテキストテキストテキストテキストテキストテキストテキストテキストテキストテキストテキストテキストテキストテキスト。テキストテキストテキストテキストテキストテキストテキストテキストテキストテキストテキストテキストテキストテキテキストテキスト。テキストテキストテキストテキストテキストテキストテキストテキストテキストテキストテキストテキストテキスト。
039,コロナ,タイトル40,テキストテキストテキストテキストテキストテキストテキストテキストテキストテキストテキストテキストテキストテキストテキストテキストテキストテキストテキスト。テキストテキストテキストテキストテキストテキストテキストテキストテキストテキストテキストテキストテキストテキテキストテキスト。テキストテキストテキストテキストテキストテキストテキストテキストテキストテキストテキストテキストテキスト。
040,国際,タイトル41,テキストテキストテキストテキストテキストテキストテキストテキストテキストテキストテキストテキストテキストテキストテキストテキストテキストテキストテキスト。テキストテキストテキストテキストテキストテキストテキストテキストテキストテキストテキストテキストテキストテキテキストテキスト。テキストテキストテキストテキストテキストテキストテキストテキストテキストテキストテキストテキストテキスト。
041,科学,タイトル42,テキストテキストテキストテキストテキストテキストテキストテキストテキストテキストテキストテキストテキストテキストテキストテキストテキストテキストテキスト。テキストテキストテキストテキストテキストテキストテキストテキストテキストテキストテキストテキストテキストテキテキストテキスト。テキストテキストテキストテキストテキストテキストテキストテキストテキストテキストテキストテキストテキスト。
042,政治,タイトル43,テキストテキストテキストテキストテキストテキストテキストテキストテキストテキストテキストテキストテキストテキストテキストテキストテキストテキストテキスト。テキストテキストテキストテキストテキストテキストテキストテキストテキストテキストテキストテキストテキストテキテキストテキスト。テキストテキストテキストテキストテキストテキストテキストテキストテキストテキストテキストテキストテキスト。
043,経済,タイトル44,テキストテキストテキストテキストテキストテキストテキストテキストテキストテキストテキストテキストテキストテキストテキストテキストテキストテキストテキスト。テキストテキストテキストテキストテキストテキストテキストテキストテキストテキストテキストテキストテキストテキテキストテキスト。テキストテキストテキストテキストテキストテキストテキストテキストテキストテキストテキストテキストテキスト。
044,スポーツ,タイトル45,テキストテキストテキストテキストテキストテキストテキストテキストテキストテキストテキストテキストテキストテキストテキストテキストテキストテキストテキスト。テキストテキストテキストテキストテキストテキストテキストテキストテキストテキストテキストテキストテキストテキテキストテキスト。テキストテキストテキストテキストテキストテキストテキストテキストテキストテキストテキストテキストテキスト。
045,文化芸能,タイトル46,テキストテキストテキストテキストテキストテキストテキストテキストテキストテキストテキストテキストテキストテキストテキストテキストテキストテキストテキスト。テキストテキストテキストテキストテキストテキストテキストテキストテキストテキストテキストテキストテキストテキテキストテキスト。テキストテキストテキストテキストテキストテキストテキストテキストテキストテキストテキストテキストテキスト。
046,コロナ,タイトル47,テキストテキストテキストテキストテキストテキストテキストテキストテキストテキストテキストテキストテキストテキストテキストテキストテキストテキストテキスト。テキストテキストテキストテキストテキストテキストテキストテキストテキストテキストテキストテキストテキストテキテキストテキスト。テキストテキストテキストテキストテキストテキストテキストテキストテキストテキストテキストテキストテキスト。
047,国際,タイトル48,テキストテキストテキストテキストテキストテキストテキストテキストテキストテキストテキストテキストテキストテキストテキストテキストテキストテキストテキスト。テキストテキストテキストテキストテキストテキストテキストテキストテキストテキストテキストテキストテキストテキテキストテキスト。テキストテキストテキストテキストテキストテキストテキストテキストテキストテキストテキストテキストテキスト。
048,科学,タイトル49,テキストテキストテキストテキストテキストテキストテキストテキストテキストテキストテキストテキストテキストテキストテキストテキストテキストテキストテキスト。テキストテキストテキストテキストテキストテキストテキストテキストテキストテキストテキストテキストテキストテキテキストテキスト。テキストテキストテキストテキストテキストテキストテキストテキストテキストテキストテキストテキストテキスト。
049,政治,タイトル50,テキストテキストテキストテキストテキストテキストテキストテキストテキストテキストテキストテキストテキストテキストテキストテキストテキストテキストテキスト。テキストテキストテキストテキストテキストテキストテキストテキストテキストテキストテキストテキストテキストテキテキストテキスト。テキストテキストテキストテキストテキストテキストテキストテキストテキストテキストテキストテキストテキスト。
050,経済,タイトル51,テキストテキストテキストテキストテキストテキストテキストテキストテキストテキストテキストテキストテキストテキストテキストテキストテキストテキストテキスト。テキストテキストテキストテキストテキストテキストテキストテキストテキストテキストテキストテキストテキストテキテキストテキスト。テキストテキストテキストテキストテキストテキストテキストテキストテキストテキストテキストテキストテキスト。
