0,国内,横須賀市でまた異臭騒ぎが発生「ガスのにおいがする」と通報27件,https://image.news.livedoor.com/newsimage/stf/6/1/61857_1726_1d0b00b5_eca8c996-m.jpg,神奈川県でまた異臭騒ぎが発生、住民に不安が広がっている。横須賀市で10月26日午前11時ごろから「ガスのにおいがする」という内容の通報が合わせて27件あり、消防が出動した。周辺で取材を進めると異臭を嗅いだという人が相次いだ。横須賀市民「12時ちょっと前頃ガス臭いなっていう感じはしました。本当にプロパンガスみたいな感じでした。家のガスが漏れてるのかなと思ったんですけど、確かめてみたら漏れてなかったのでなんかちょっと不安ですよね」横須賀市民B「9時前ぐらい、焦げ臭い感じで、結構いろんなところしていた」横須賀市民C「6時ぐらいですか、朝。生ゴミみたいな、生臭い感じでした。前はガソリンの臭いとか、焦げた臭いとかしたときはあったんですけど、日によって何か異臭の感じが違うなというのがありました。不安ですね。怖いですね」横須賀消防局の庁舎内でも消防職員がガスのにおいを感じ周辺の空気を採取。また直線で、およそ700メートル離れた横須賀市環境管理課の事務室でもガスのにおいがしたことから職員が空気を採取した。さらに横浜市の金沢区でも異臭に関する情報が相次ぐなど広い範囲にわたって異臭が発生していたことが分かった。横浜市金沢区の住民「ガスレンジのガスをひねって火がつかなかったときの都市ガスのにおいとまったく同じような臭いでした。(どのくらいにおいは続いた?)3分ほどは家の中でも漂ってました。」6月以降、神奈川県内の沿岸部を中心に続いている異臭騒ぎ。今なお発生原因が特定されていないことを受け、国も動き出している。10月23日には神奈川県の黒岩知事が小泉環境相と面会した。神奈川県黒岩知事「住民の皆さん非常に不安に思っているので、成分はある程度見えてきましたけど、なぜそうなっているのかはわからない」知事は環境省から大気採取のための機器40台を借り受けたことへの感謝を伝えるとともに、県と国が連携して究明を急ぐ方針で一致した。原因不明のまま不安が募る異臭騒ぎ。神奈川県は横須賀市で採取された空気の分析を行い、結果は1週間以内にも分かる見通し。
1,国内,藤井聡太二冠の三冠目獲得は2021年度以降に 王将戦挑戦者決定リーグで敗退,null,将棋の藤井聡太二冠は26日、東京都渋谷区で指された第70期王将戦挑戦者決定リーグで永瀬拓矢王座に負け、通算成績が0勝3敗となり挑戦の可能性は消えた。2020年度のタイトル戦出場はなくなり、三冠目の獲得は21年度以降になった。
2,国内,大阪都構想コスト218億円増 維新「財政成り立つ」 自民「なぜ数字出さなかった」,https://image.news.livedoor.com/newsimage/stf/3/3/334f8_1715_8a3b429d_615562f6-m.jpg,大阪市を分割した四つの自治体の行政コスト「基準財政需要額」について、現状と分割後を比較した市財政局の試算は、都構想の実現で誕生する4特別区の財政運営に懸念を生じさせる結果となった。新たに表面化した218億円の行政コストを各政党はどう受け止めたのか。【図解でわかる大阪都構想】　都構想の制度案を議論する計37回の法定協議会で、自民は独自試算として毎年の行政コストが約200億円増えると指摘し、府市の副首都推進局に資料の作成を求めてきた。しかし、法定協で多数派を占める大阪維新の会などはこれに応じず、実現しなかった。財政局が試算した行政コストは、自民が指摘した数字に近い数字となった。　維新代表の松井一郎大阪市長は、報道陣に「特別区は（需要額を算出する）係数が定まっておらず、計算できないため、（実際の事業の）リアルな数字を積み上げて長期的に財政が成り立つことを示した」と話し、財政上の懸念はないとの認識を示した。　維新とともに都構想に賛成する公明市議団の西崎照明幹事長は「行政コストは協定書とは違う話。住民投票で可決されたら、（特別区になる）2025年1月以降も住民サービスが維持されるよう党として主張していく」と話した。　一方で特別区の行政コストを独自試算した自民の川嶋広稔市議は「全てオープンにして堂々と議論すべきだったのに、副首都推進局はなぜ数字を出してこなかったのか。本来は法定協で取り上げてほしかった」と憤った。　同じく反対する共産市議団の山中智子団長は「松井市長が計算するよう指示を出して、市民に説明を尽くし、それでも大阪市を廃止・分割するのかを市民に問うべきだった。多くの市民に特別区の本当の姿を知っていただきたい」と話した。【矢追健介、田畠広景、野田樹】
3,国内,兵庫の私立高、コロナで在校生全員を一斉転校させる方針固める,null,本年度で休校する兵庫県姫路市の私立自由ケ丘高　兵庫県姫路市の全寮制の私立自由ケ丘高が本年度で休校し、来年4月から在校生84人全員を津市の系列校に転校させる方針を固めたことが26日、運営する学校法人への取材で分かった。新型コロナウイルスの影響で見学会への参加者が激減するなど、今年の入学者が定員を大幅に下回ったことが要因。既に新入生の募集を停止した。私立校の経営は各地で打撃を受けており、専門家は影響の広がりを懸念している。　自由ケ丘高は津市の学校法人「日生学園」が運営する全寮制の男子校。約10年前から続いた赤字経営にコロナが直撃。人件費の面から教員の確保も難しく全寮制教育を維持できず、休校を決断した。
4,国内,相次ぐクマ被害…環境省「生ごみなど放置しないで」,https://image.news.livedoor.com/newsimage/stf/8/d/8d6cb_1641_871bc064_a4f40677-m.jpg,全国でクマの被害が相次いでいることを受け、関係省庁の連絡会議が開かれました。　環境省自然環境局野生生物課・中尾文子課長：「関係省庁が一層、密に連携してクマによる人身被害の防止等に取り組んでいくことが求められている」　会議では今年4月から9月にかけてクマの出没数が過去5年で最も多い1万3670件あったことが報告されました。出没した時の対応として自治体と警察の連携を確認するよう都道府県に通知することも決まりました。環境省はクマの生息範囲が広がっているとして、果物や生ごみなどクマを引き付けるものを放置しないよう呼び掛けています。
5,国内,川上未映子さん、ネット中傷受け提訴　同一人物書き込み,https://image.news.livedoor.com/newsimage/stf/6/4/646d8_1509_57ea371c_3f183e53-m.jpg,ネット上で中傷や脅迫を受けたとして、芥川賞作家の川上未映子さん（44）が、投稿者に対し約450万円の損害賠償を求める訴えを東京地裁に起こした。　第1回口頭弁論が26日にあり、投稿者は請求の棄却を求めた。　訴状によると、2018年10月、川上さんについて「レ（死）んでしまえと思っている。やるっきゃない、さ（刺）すしか」「（イベントがある）11月18日やろうと思えばやれる」などの投稿がネット掲示板に書き込まれた。警察に相談した川上さんは、イベント出演を急きょ中止。ほかにも、川上さんの小説を「私の書き込みの流用だった」として、川上さんが盗作したかのように読める投稿もあったという。　プロバイダー責任制限法に基づき投稿者の情報の開示手続きをしたところ、書き込みをしたのはすべて同じ人物と判明。（1）危害予告で仕事に支障をきたした（2）オリジナル作品を創作して世に送り出す作家の評価を低下させた――として提訴した。川上さんの代理人弁護士は取材に、中傷や脅迫で「小説家としての活動が実際に制限された。見過ごせない」と話している。（新屋絵理）
6,国内,「10万円給付の分だけ貯金増えた」麻生太郎氏の発言に著名人らが異議,https://image.news.livedoor.com/newsimage/stf/6/f/6f763_1401_022bdb6e_4aa7636b-m.jpg,フリーアナウンサーの長野智子（57）らが、麻生太郎副総理兼財務相の「特別定額給付金」をめぐる発言に異議を唱えた。麻生氏が24日に福岡市で開いた自身の政治資金パーティーで、新型コロナウイルス対策で配った一律10万円の特別定額給付金について、「その分だけ貯金は増えた」と消費を喚起する効果は限定的だったとの見方を示し、ネット上でも物議をかもしている。長野アナは26日にツイッターで、麻生氏の発言に触れ、「消費も大切だけど、貯金せざるをえない国民の将来不安にこたえてください。。」と訴えた。作家の乙武洋匡氏は「本当に『給付金により貯蓄が増えた』というデータがあるなら公表したほうが発言に説得力が生まれるだろうし、たんなる憶測で話しているなら財務大臣としては迂闊に過ぎると思う」とツイート。元「2ちゃんねる」管理人として知られるひろゆき氏は「家計への支援が目的の10万円の特別給付金。終わりの見えないコロナ禍への対応のためちょっとづつ家計に使うのが庶民。10万円を直ぐ使い切れるのは、生活不安がない家庭」とし、「まぁ、使い切る人が多かったら、『ほら、家計に使ってないじゃないか』って言うんでしょうね」と皮肉を込めた。また、落語家の立川談四楼は「あんまり腹が立ったので1日置いたが、まだ怒りが収まらない。麻生さんの『10万円給付分だけ貯金が増えた』発言だ」と書き出し、「10万円は通り過ぎただけで、羽が生えたように飛んでった現実を知らなさ過ぎる。毎月寄越せという人々の本音に想像すら及ばないのだ。それに施しをしてやったかの口吻はいい加減にしろ」と批判した。
7,海外,欧州の感染拡大続く　ＮＹには「ウソの壁」,https://image.news.livedoor.com/newsimage/stf/e/9/e995c_1110_20201026-184009-1-0019-m.jpg,ヨーロッパでの感染拡大が止まりません。スペインでは全土で再び非常事態宣言が出されました。こうした中、アメリカ・ニューヨークの街中に、トランプ大統領がついたウソを並べた「ウソの壁」が登場しました。　　　　◇■第二波深刻化のスペイン１０４万人以上が感染したスペイン。感染第二波が深刻化しています（感染者：１０４万６１３２人、死者：３万４７５２人　米ジョンズ・ホプキンス大　２６日午後４時時点）。スペイン・サンチェス首相「スペイン全土で午後１１時から午前６時まで外出を原則的に禁止する」サンチェス首相は２５日、全土で再び非常事態を宣言。国境は封鎖しないものの、各州の権限で州の封鎖はできるとしました。二度目の非常事態宣言に、スペインの人は――「感染をコントロールできなくなっているので何らかの規制は必要だと思います」「もっと早く非常事態を宣言するべきだった」　■新規感染者数が初めて５万人を超えたフランスこれまでに１１３万人以上が感染したフランスでは２５日、新規感染者数が初めて５万人を超えました（感染者：１１３万１４３人、死者：３万４６７３人　米ジョンズ・ホプキンス大　２６日午後４時時点）。すでに全人口の３分の２にあたるおよそ４６００万人を対象に夜間の外出が禁じられているフランス。専門家からは外出禁止を全土で再び導入すべきとする声も上がっています。■一部地域で規制強化　イギリス８７万人以上が感染したイギリスでも一部の地域で規制が強化されました（感染者：８７万６８４０人、死者：４万４９８６人　米ジョンズ・ホプキンス大　２６日午後４時時点）。イギリス南西部のウェールズでは２３日から食料品店や薬局などを除く商店の営業がおよそ２週間、禁止されました。ウェールズの人「２週間限定ならみんなルールを守れると思う」期間限定で強い規制をかけ、感染の連鎖を断ち切ろうという今回の対策。規制の期間を短くすることで経済への打撃を減らす狙いもあるということです。しかし、飲食店では――飲食店の店員「経営はとても厳しくなる。家賃の支払いもある。不満を持っている人もいると思う」第２波に見舞われたヨーロッパ。新規感染者数は今月２２日から３日連続で２０万人を超えるなど感染拡大は深刻化しています。■ＮＹに「ウソの壁」登場　アメリカこれまでに８６３万人以上が感染し、世界最多となっているアメリカでも再び、急速に感染が拡大しています（感染者：８６３万６１６５人、死者：２２万５２３０人　米ジョンズ・ホプキンス大　２６日午後４時時点）。トランプ大統領は２５日、ホワイトハウスで毎年恒例のハロウィーンイベントを開催。大統領夫妻はマスクなしですが、仮装した参加者はマスク姿。金髪のカツラでトランプ大統領の仮装をした子供もマスクを着けていました。例年は大統領自らお菓子を配りますが、今年は感染対策のためか、お菓子はナシ。イベントには医療従事者らの子供たちなどが招かれたということです。こうした中、ニューヨークには「ウソの壁」が登場。トランプ大統領がついたウソが敷き詰められていて、その数４年間で実に２万件を超えています。およそ３０メートルにわたって書かれた大統領のウソ。最近のものはそのほとんどが新型ウイルス関連です。大統領がついた？「ワクチンはすぐできる」ウソの壁の制作者「ウソの多さを目に見える形で表現したかった」「どれほど政府が機能していないのかを見るのは悲しいことだ」アメリカの新規感染者数は今月２３日には８万人を超え（８万３７５７人）、過去最多を更新。中西部を中心に急速に拡大しています。■世界２番目のインドでは７９０万人以上が感染し、世界２番目となっているインド（感染者：７９０万９９５９人、死者：１１万９０１４人　米ジョンズ・ホプキンス大　２６日午後４時時点）。ニューデリー最大規模のヒンズー寺院で２３日、ヒンズー教の祭りが行われました。しかし今年は感染対策のため、政府が寺院に市民が集まることを禁止。儀式の様子をライブ配信する寺院も。ヒンズー教寺院の代表「私は７６歳だが人がいない祭りは初めてだ」インドでは１０月下旬から１１月中旬にかけて各地でヒンズー教の祭りが開かれ、例年、寺院には大勢の人が集まります。関係者だけで行われた今年の祭りの配信を自宅で見た家族は――自宅で配信を見た人「とても悲しいですが感染状況を考えると我慢しなければなりません」「パンデミックを考えると今までのようにはお祝いできない」来年はこれまでのように再び寺院で祝いたいということです。世界では４３００万人以上が感染。死者は１１５万人を超えています（感染者：４３００万９９３８人、死者：１１５万３８６１人　米ジョンズ・ホプキンス大　２６日午後４時時点）。
8,海外,北方四島が日本領として描かれた地図を資料に ロシア職員を懲戒免職に,null,【モスクワ＝小野田雄一】ロシアが不法占拠する北方領土を事実上管轄するロシア極東サハリン州は２６日、地域の水産業の振興に関する会議で北方四島が日本領として描かれた地図を資料として使用する「重大なミス」を犯したとして、地元水産当局の職員を懲戒免職にしたと発表した。　サハリン州の発表によると、この職員は、１０月中旬に同州で開かれた会議用の説明資料として、北方四島が日本と同じ色で色分けされた地図を使用。リマレンコ知事は激怒し、内部調査を指示した。その結果、職員が日本のウェブサイトから地図を借用していたことが判明。同氏は職員を懲戒免職にするとともに、上司もけん責処分とした。　発表は「国境の変更不可は憲法で定められ、（職員のミスは）断固として容認できない。こうした職務怠慢には最も厳しい処分が避けられない」とするリマレンコ氏のコメントも記載している。　インタファクス通信によると、会議の様子を伝える写真がソーシャルメディアに投稿され、スライドに当該の地図が写っていたことから、地元住民らが問題視していたという。
9,海外,フランスの1日当たりの感染者 公式発表の倍に当たる10万人か,https://image.news.livedoor.com/newsimage/stf/2/a/2a458_769_3aaab911e841a252383e87aaf052aea5-m.jpg,［パリ　２６日　ロイター］ - 新型コロナウイルス感染症を巡ってフランス政府に助言する科学評議会の議長を務めるジャンフランソワ・デルフレシ教授は２６日、フランスの１日当たりの新型コロナ新規感染者数について、直近の公式発表の倍に当たる１０万人程度になっている可能性があると指摘した。教授はＲＴＬラジオで「１日当たりの新規感染者数はおそらく５万人より多い。科学評議会では、むしろ１０万人はいるのではないかと推定している」と語った。フランス政府は既に、パリを含む主要都市を対象に夜間の外出禁止令を出しており、行動制限の一段の強化が必要か現在検討している。フランスでは２５日、過去２４時間の新型コロナ感染者数が過去最多の５万２０１０人となり、前日の４万５４２２人に続いて記録を更新。累計感染者数は１１３万８５０７人となり、スペインとアルゼンチンを抜いて世界で５番目に感染の多い国となった。
10,海外,マクロン氏は「イスラム教を攻撃」、パキスタン首相が非難,https://image.news.livedoor.com/newsimage/stf/6/3/63fe8_1351_b89052f3_fce222cf-m.jpg,【AFP＝時事】パキスタンのイムラン・カーン（Imran Khan）首相は26日、「イスラム教を攻撃している」として、フランスのエマニュエル・マクロン（Emmanuel Macron）大統領を非難した。　これは、マクロン氏が先週、イスラム教の預言者ムハンマド（Prophet Mohammed）の風刺画を授業で見せた教師が斬首されて死亡する事件について、「イスラム原理主義者がわれわれの未来を欲しているから、（教師は）殺された」と述べたことを受けてのもの。　カーン氏はツイッター（Twitter）への複数の投稿で、マクロン氏の発言が「分断の種」をまくことになると非難。「マクロン大統領は、必然的に過激化につながるさらなる両極化と疎外化を生むのではなく、融和を促し、過激主義者らの居場所はないと強調することができたはずだった」「暴力行為に及ぶテロリストではなくイスラム教を攻撃し、イスラム恐怖症を助長することを選んだのは残念だ」と述べた。　さらに、「マクロン氏は明らかに何も理解せずにイスラム教を攻撃したことで、欧州と全世界の大勢のイスラム教徒の感情を攻撃し、傷つけた」と述べた。　　パキスタン首相府は25日夜に明らかにしたところによると、ソーシャルメディア大手フェイスブック（Facebook）がホロコースト（Holocaust、ユダヤ人大量虐殺）を否定したり、ゆがめたりするコンテンツを禁止すると発表したことを受けて、カーン氏がマーク・ザッカーバーグ（Mark Zuckerberg）最高経営責任者（CEO）に宛てて、同様にイスラム恐怖症を助長するコンテンツを削除するよう文書で要請したという。　冒涜（ぼうとく）は超保守的なパキスタンでは非常に危険な問題で、イスラムやイスラム教に関連する人物を侮辱したと見なされれば、死刑を科されることもある。【翻訳編集】AFPBB News■関連記事・フランスは「風刺画やめない」 マクロン氏、教師国葬で宣言・仏紙シャルリー、表紙に「斬首された共和国」 教師殺害で・パリ刺傷、容疑者の18歳男 「預言者風刺画の再掲に報復」
11,海外,インフルエンザ予防ワクチン接種後に死亡 韓国で計59人に,https://image.news.livedoor.com/newsimage/stf/2/1/21f3a_1607_52edd533_89b603fc-m.jpg,【ソウル聯合ニュース】韓国疾病管理庁は２６日、インフルエンザ予防用ワクチンの接種後に死亡した人が今月１６日から２６日午前０時までに全国で５９人確認されたと発表した。前日午前０時時点から１１人増えた。　疾病管理庁はワクチンと死亡との関連性は非常に低いとし、無料接種を続ける方針を示した。　死亡者は７０代と８０代がそれぞれ２６人で最も多く、６０代未満が５人、６０代が２人となっている。　同庁は、インフルエンザワクチンの接種後に死亡した人が相次いでいることを受け、２０人を対象に死因の分析を進めたが、急性アレルギー反応の「アナフィラキシーショック」の事例はなく、その他の異常反応もなかったと判断した。　また同じ製造番号のワクチンを接種して死亡した人は１４人いたが、ワクチン接種と死亡との関連性が認められたケースはなかったという。　これに先立ち、同庁の予防接種専門委員会は２３日、初期の死亡者２６人の死因を分析した結果、ワクチンと死亡の因果関係は認められなかったと発表し、国の予防接種事業を中止する段階ではないとの見解を示した。　死亡者５９人のうち、４６人については、ワクチン接種と死亡との関連性が低いという結果が出たものの、同庁は残りの１３人をはじめ、今後の事例についても、調査を続けていくことを決めた。
12,海外,韓国一の富豪サムスン会長が死去 相続税どのくらいの規模に？,https://image.news.livedoor.com/newsimage/stf/7/4/7437c_1682_663838c8_620aed1d-m.jpg,サムスングループのイ・ゴンヒ会長が10月25日に死去しながら、彼の財産を受け継ぐイ・ジェヨン副会長などの相続人が納付する相続税がどのくらいの規模になるのかが関心を集めている。【注目】トヨタは何位？グローバル企業の「ブランド価値」サムスンが第5位イ・ゴンヒ会長の財産が天文学的な規模であるだけに、相続税も過去最大規模になると予想される。相続税の専門税理士たちは、株式評価額の60％、残りの財産の50％を相続税として納付することになると推定した。金融監督院の電子公示システムによれば、イ会長が保有する株式評価額は10月23日の終値基準で18兆2251億ウォン（約1兆8225億円）だ。韓国一の富豪といえる。株式の相続税の総額は10兆6000億ウォン？今年6月末基準、イ会長はサムスン電子の2億4927万3200株（持分率4.18％）、サムスン電子優先株61万9900株（0.08％）、サムスンSDS 9701株（0.01％）、サムスン物産542万5733株（2.88％）、サムスン生命4151万9180株（20.76％）などを保有した。イ・ジェヨン副会長（左）と故イ・ゴンヒ会長イ会長はそれら4つの系列会社の最大株主や最大株主の特殊関係人で、いずれも相続税法上の最大株主割増対象だ。したがって系列会社株式の相続税の総額は10兆6000億ウォン（約1兆600億円）余りとなる。専門家は、株式の継承だけでも過去最高の相続税を記録することになるだろうと予測している。イ会長の相続人たちの相続税申告・納付期限は2021年4月末までだ。天文学的な相続税を1度に支払うのが難しい場合、年賦延納制度を活用することができる。年賦延納は年利子1.8％を適用して申告・納付するとき、“6分の1”の金額を先に支払い、残りを5年間で分割納付する方式だ。LGグループのク・グァンモ会長も故ク・ボンム会長から受け継いだ財産の相続税9215億ウォン（約922億円）を、その方法で納付している。
13,海外,「親友」が子守と称して息子を虐待か 母親「彼女を信頼していた」,https://image.news.livedoor.com/newsimage/stf/3/e/3eb92_196_d78aec28_b8e717ba-m.jpg,ロシアで子守をしていた1歳半の男児を虐待、監禁したとして25歳の女が逮捕された。自らも3児の母親である女はこの男児の母親（20）から「親友」として信頼を得たうえで同居を提案。男児の母親を働きに行かせている間に虐待を繰り返していたとみられている。『The Sun』『Varlamov.ru』などが伝えた。【この記事の他の写真を見る】先月9月11日にロシアの複数のメディアが、ある女性（20）の「親友」と称して、女性の1歳半になる男児の子守をしていた女（25）が起こした許されざる虐待事件を報じた。虐待を受けていたのは、オムスク州にある村に住むエフゲニア・ケブルスカヤさん（Yevgeniya Kabelskaya、20）の息子マクシム君（Maksim）だった。地元メディアによると、エフゲニアさんは今年3月に夫を亡くした後、親友のグルミア・ルカノワ（Gulmira Lukyanova、25）の自宅に住まわせてもらうこととなり、経済的にも負担が少なくなると考えたエフゲニアさんはグルミアが住む隣村のコヤンバイに引っ越した。当時のグルミアは妊娠していたが、夫はおらず3人の子供達と暮らしていた。彼女はエフゲニアさんが引っ越してくると、マクシム君の世話は自分が引き受けると申し出て、働きに出るよう勧めた。それからというものエフゲニアさんは仕事をしながら家事全般をこなし、全員の食費などは自分が働いた分から補っていた。そんな生活が数か月ほど続いたある日のこと、エフゲニアさんはグルミアから「（マクシム君が）家財を壊したため修理に2万ルーブル（約2万7500円）かかる」と言われ、その分を働いて返すようにと迫られた。そして同時に、マクシム君の身体に異変が見られるようになった。ある日、仕事から帰ってきたエフゲニアさんはマクシム君が怪我をしていることに気づいた。グルミアに怪我のことを訊ねると「他の子供達と喧嘩して転んだ時の傷」と話したという。しかしその後も何度かマクシム君の顔や身体に傷ができており、エフゲニアさんは日々グルミアへの不信感を募らせていった。エフゲニアさんは当時をこのように振り返っている。「ある日仕事から帰った後、マクシムの左の頬に打撲したような痣がありました。その時グルミアは『ピアノの上から落ちた』と話していたのです。」エフゲニアさんはマクシム君の身の安全を考えて、グルミアの家を出る決意をした。そして今年9月3日に彼女は引っ越し後の生活のために、政府からの支援金でマクシム君の養育費用を補うための手続きに出かけていた。すると突然、グルミアからメッセージと写真が送られてきた。そこには手足を縛られて、殴られたような痣があるマクシム君の姿があった。そしてグルミアは「2万ルーブル返すまで、マクシムは渡さない」と脅してきたそうだ。急いでマクシム君のもとに向かったエフゲニアさんだったが、グルミアによって家の中に入ることができなかった。エフゲニアさんは信頼していたグルミアの兄弟であるルスランさん（Ruslan）に「マクシムを助け出してほしい」と頼み込んだ。すぐさまルスランさんがグルミアの自宅に向かうと、そこには手足を縛られたマクシム君の姿があり、グルミアは「いたずらしたから躾けているだけだ」と笑いながら話したという。ルスランさんはマクシム君を連れ出すとすぐにエフゲニアさんのもとへと連れて行き、マクシム君は救急車で病院に搬送された。その後は警察が関与することとなり、『The Sun』によるとグルミアは警察の調べに対してマクシム君を監禁したことを認めたそうだ。エフゲニアさんは、地元メディアに対して「親友だったはずのグルミアは、マクシムを囚人のように扱っていました。彼女は私の親友であり、私は彼女を信頼していました」と語っている。なおグルミアがマクシム君を虐待し監禁したことについて有罪となった場合、最大で7年間を刑務所で過ごすことになるという。画像は『Varlamov.ru　2020年9月11日付「В Омской области полуторагодовалого ребенка избивали и морили голодом」（Om1.ru）』のスクリーンショット（TechinsightJapan編集部　MasumiMaher）
14,IT経済,アフターコロナ時代に最強の積み立てを。タイプ別の鉄壁ポートフォリオの組み方とは？,https://image.news.livedoor.com/newsimage/stf/2/e/2e161_1434_d18dbcbe_94b8c526-m.jpg,運用はプロにお任せの投資信託。資産形成の強い味方だが、リスクを減らし安定した利益を得るためには「どんな投信を」「どのような比率で」保有するかが最重要。プロ厳選の鉄壁ポートフォリオをタイプ別に公開する！ ◆【積極タイプ】株式100％でハイリターンを狙う！　積極的にリターンを狙いにいくなら、株式100％のポートフォリオで運用したい。「そもそもポートフォリオは、年齢を軸に考える必要があります。若ければ若いほど今後労働で資金を貯めることができるため、リスクを取ったポートフォリオを組めます。もしくは生活に必要なお金とは別に投資に回せる余裕資金が多い場合も同様です。逆に、定年が近づくほどリスクを抑えた運用が望ましいです」（投資信託・株初心者アドバイザー竹内弘樹氏）　積極タイプの軸となるのは、外国株式型の「ニッセイ外国株式インデックスファンド」と国内株式型の「ニッセイ日経225インデックスファンド」。どちらも信託報酬が非常に低く、低コストで運用できる点が魅力だ。そして、ここに高リターンへの起爆剤としてアクティブ型を30％組み込みたい。「オススメしたいのは『次世代通信関連 世界株式戦略ファンド』。“THE 5G”という愛称で知られるように、通信技術の発展によって業績面で恩恵を受けることが期待される世界各国の企業に集中して投資を行う投資信託です。アフターコロナは、企業によっての優勝劣敗の差がより明確に出る時代になると考えられます。次世代通信に関連する企業など、確実な成長が見込める企業へと投資を行うアクティブ型への投資はマストでしょう」（経済アナリスト田嶋智太郎氏）　インデックス型で国内外の幅広い株式に投資を行いつつ、アクティブ型で成長企業に対してピンポイントで投資。これがアフターコロナにも動じない攻めのポートフォリオの鉄則なのだ。＜こんな人にオススメ＞リスクを取ってでもハイリターンがほしい！・20〜30代・独身で扶養義務のある家族がいない・リスクを取ってでもハイリターンを狙いたい年齢：35歳家族：未婚年収：500万円資産：300万円住居：持ち家（実家）目標利回り：5〜10％◆アクティブ型投信はこう選べ！　ハイリターンが期待できるぶんリスクも高いアクティブ型。より慎重に選びたいところだが、まず着目すべきは「シャープレシオ」という指標。投資のリスクの大きさに比べてどれだけリターンを得られるか、という運用効率の高さを示す数値だ。「国内株式型など、同じカテゴリー内で比較し、数値が大きければ大きいほど優秀。加えて、できれば過去3年以上好成績を残している商品を選びたいところです」（ファイナンシャルプランナー佐々木裕平氏）　さらには、資金流入額の堅調さと純資産総額の適切さも併せてチェック。運用成績上位を占めるのは中小型株ファンドが多いが、適正な純資産総額は100億円以上。これを目安にしよう。◆【攻守バランスタイプ】安定性のなかにも“攻め”を忘れるな　攻めと守りのバランスを保ち、無理のない程度にリターンを得たい「バランスタイプ」。株式と債券の比率は7：3。「eMAXIS Slim 全世界株式（オール・カントリー）」がメインだ。「アメリカが5割程度　日本を含む先進国が4割程度、新興国1割程度と、全世界の株式の時価総額比率に応じて、適切に分散投資されているので、これ一本で世界経済の成長に乗っかることができる優秀な投信です」（投資信託・株初心者アドバイザー竹内弘樹氏）　ここで注目したいのがアクティブ型を20％組み込んでいる点。経済アナリスト田嶋智太郎氏は「バランスタイプでもアクティブ型をしっかりと組み込むべき」と語る。                              1  2  3  次へ
15,IT経済,不買運動が続く韓国でも復活 ユニクロの「モノづくり」戦略,null,■ファストリの底力“不買運動の中で勝ち組に”現在、「ユニクロ」を展開するファーストリテイリングの業績が回復基調にある。これまで同社は、カジュアル着を中心に製品開発を進めデザイン性の向上などに取り組んできた。また、同社は事業運営のデジタル化も進めた。そうした戦略が、コロナショックによってはっきり優位性を示し始めている。多くの衣料品メーカーが苦戦する中、同社は業界内での“勝ち組”としての地位を明確にしつつある。写真＝EPA／時事通信フォト2019年8月6日、ガラガラの「ユニクロ」店舗を見つめる女性。2019年8月2日、日本の内閣が韓国を「ホワイトリスト」から外すことを承認したことで、多くの韓国人が日本製品をボイコットしている。 - 写真＝EPA／時事通信フォトファーストリテイリングの事業戦略によって、反日感情が高まり不買運動まで発展した韓国市場でも顧客に回帰が進んでおり、同社の業績回復に寄与する格好になっている。それに加えて、世界経済の中で景気回復が鮮明な中国でも、ユニクロは人気を獲得している。中国事業の成長などによって、2021年8月期、ファーストリテイリングは純利益が1650億円に達するとの業績予想を公表した。コロナショックを境に、「ZARA」ブランドを持つスペインのインディテックスなどライバル企業もオンライン事業の強化に取り組み、中国などでの需要獲得を目指している。ただし、株価の推移をもとに考えると、ファーストリテイリングへの成長期待は相対的に高い。それは、同社がデジタル化への取り組みを進めて中国やインドなど成長期待の市場で需要を獲得し、世界トップのアパレル企業に成長するとの見方が増えていることの裏返しだ。■「異常な反日」続く韓国でユニクロが復活したワケコロナショックによって、2020年8月期のファーストリテイリングの決算は減収減益だった。しかし、同社は世界経済の環境変化への対応を迅速に進め、収益性は改善し始めている。それを確認する良い例が同社の韓国事業だ。オンライン事業の強化などによって、ユニクロの韓国事業が、厳しいながらも徐々に上向いていることは見逃せない。ファーストリテイリングは、韓国事業が引き続き厳しいとの見方を示している。背景には反日感情がある。2019年7月、わが国は安全保障面への懸念を理由に韓国向けフッ化水素など特定品目の輸出管理手続きを厳格化した。その結果、韓国の反日感情はエスカレートし、ユニクロやGUブランドをはじめ、わが国企業への不買運動が勢いづいた。不買運動への対応としてファーストリテイリングは店舗削減を進め、韓国の店舗数は2019年8月期の188から2020年8月期には163まで減少した。その上で、同社はオンライン販売を強化した。2021年8月期の業績見通しに関して、同社は韓国事業が通期で減収になると想定しつつも、粗利益率が大幅に改善するとの見方を示している。■それでもユニクロの衣料品を買いたい韓国人粗利率の改善は、非常に重要なポイントだ。もし、韓国の消費者心理全体に不買運動を支持する考えが浸透しているなら、利益率の改善は見込みづらい。そう考えると、韓国におけるユニクロへの不買運動には変化の兆しが出ていると考えられる。つまり、不買心理を求める周囲に気を遣いつつも、オンラインで（他人に見られないように）ユニクロの衣料品を手に入れたい消費者は多いと考えられる。ある意味、韓国におけるわが国企業への不買運動は、ファーストリテイリングがコロナショック以前からデジタル・トランスフォーメーション（DX）への対応を進め、より効率的な事業運営を目指す重要な機会になった。写真＝iStock.com／William_Potter※写真はイメージです - 写真＝iStock.com／William_Potter同社が一見すると収益獲得のリスクと考えられる事象を、より効率的な事業運営と成長実現のチャンスに変えていることは重要だ。その反面、韓国は雇用機会を失っている。■コロナ禍で世界中の人の生活を支えた「モノづくり」さらに、ファーストリテイリングの中国事業は回復している。2021年8月期通期に関して、同社は中国事業が大幅な増収増益を達成するとの見通しを示している。近年、中国市場ではファーストリテイリングに加え、インディテックス、スウェーデンのヘネス・アンド・マウリッツ（H＆M）、現地の新興アパレルメーカーが参入し、競争が激化した。競争が熾烈(しれつ)化する環境下、同社の収益が増大するとの見通しが示されたことは、世界最大の消費市場である中国市場において、ファーストリテイリングの競争優位性が一段と高まっていることの裏返しだ。中国市場におけるファーストリテイリングの成長を支えている要因の1つは、同社が丁寧かつ、時流に即したモノづくりを重視し、普段着としての衣類の機能向上を目指したことだ。それがコロナ禍における中国をはじめ、世界の人々の生活を支えている。コロナショックの発生によって、世界全体で人々の外出機会は減った。その結果、ビジネススーツなどの需要は大きく低下した。反対に、より多くの人が快適な普段着を求め始めた。部屋着としてもビジネスシーンにおいても違和感がなく、デザインも、着心地もよい衣類への必要性が世界全体で高まっている。■価値観の変化「スーツはビジネスに必須とは限らない」また、コロナショック以前からカジュアルなビジネスウエアへの需要は徐々に高まっていた。マイクロソフトのビル・ゲイツやアップルの故スティーブ・ジョブズらは、新商品のプレゼンなどをネクタイ＆スーツ姿ではなく、ジーンズを主体とするカジュアルないでたちで行った。それによって、スーツはビジネスに必須とは限らないとの価値観が生まれた。コロナショックによってテレワークなどが浸透し、スーツをベースとするビジネスマナーは変化している。感染をいち早く食い止めた中国ではそうした取り組みが鮮明であるようだ。見方を変えれば、ファーストリテイリングはかなり早い段階で需要の変容を察知し、ビジネスにも日常生活にも対応できる衣類の創造を目指した。そうした取り組みが、コロナ禍をきっかけに中国市場などで一気に花開き、同社の需要獲得につながっているとの印象を持つ。それに加えて、ファーストリテイリングのデザイン、品質管理なども中国の消費者にとっては魅力だ。■ライバルに差をつける世界一の戦略また、ファーストリテイリングが“情報製造小売業”としてのビジネスモデル構築を目指していることも重要だ。同社は、IT先端技術を駆使して、効率的な在庫管理や人件費の削減、需要の変化の精緻な把握と予測などを行う体制を強化した。写真＝iStock.com／Waseef※写真はイメージです - 写真＝iStock.com／Waseefその上、裁断や縫製を必要としないアパレルの編み上げ技術である「ホールガーメント」を導入することによって、製造の効率化を実現した。それが中国市場をはじめとする世界規模での急速かつ大規模な環境変化への対応を支えている。現在のグローバルな競争環境を俯瞰した時、世界のアパレル業界の中でファーストリテイリングの事業戦略は最も優位といっても過言ではない。ファッション性を重視してきたインディテックスとH＆Mが、需要の変容にどう対応できるかは不透明だ。つまり、ファーストリテイリングは大手ライバル企業よりも、事業の中長期的な方針を明確化できている。それがアパレル大手3社の株価推移に影響した。年初来から10月下旬までの間、ファーストリテイリングはライバル2社の株を上回って推移している。■「より良い普段着」でトップをひた走れコロナショックによって経済のデジタル化とグローバル化が、これまで以上のスピードで進んでいる。世界経済の中で中国経済の景気回復は先行している。その需要を取り込むために、国際的な競争は激化する。また、より効率的に収益を得るために、データ獲得と分析の重要性は一段と高まり、デジタル化も加速する。現状、いずれの点でもファーストリテイリングは競合他社に先行していると考えられる。インディテックスは大規模出店戦略を修正している。H＆Mも店舗の閉鎖などを進めており、収益の改善には時間がかかるだろう。写真＝iStock.com／Kerrick※写真はイメージです - 写真＝iStock.com／Kerrick欧米などで新型コロナウイルスの感染者が増加し、ワクチン開発がどう進むかも不透明であることを考えると、アパレルをはじめ多くの産業で優勝劣敗は鮮明化する。そう考えると、グローバル化とデジタル化への取り組みを強化し、より良い普段着の創造を目指すファーストリテイリングの成長期待は高い。同社が世界トップのアパレル企業としての地位を確立する可能性はこれまで以上に高まっている。----------真壁 昭夫（まかべ・あきお）法政大学大学院 教授1953年神奈川県生まれ。一橋大学商学部卒業後、第一勧業銀行（現みずほ銀行）入行。ロンドン大学経営学部大学院卒業後、メリル・リンチ社ニューヨーク本社出向。みずほ総研主席研究員、信州大学経済学部教授などを経て、2017年4月から現職。----------（法政大学大学院 教授 真壁 昭夫）
16,IT経済,泥臭い営業職で疲弊し心を病んだ 東大法学部卒銀行マンの末路,https://image.news.livedoor.com/newsimage/stf/f/4/f49d1_759_d542a519_391b54d5-m.jpg,“エリートの象徴”とも言われる東大法学部。そんな日本の最高学歴とも呼べる経歴を持つ人は、多くが順風満帆な人生を歩んでいると思う人も多いだろう。だが、東大法学部出身だからこその生きづらさを抱える人もなかにはいる。『東大なんか入らなきゃよかった　誰も教えてくれなかった不都合な話』（飛鳥新社）の著者で、自身も東大出身のライター・池田渓氏さんがリポートする。【写真】何とも美しい…ミス東大の美人すぎる姿　＊　＊　＊「死にたい」「会社にいるだけで胃がキリキリする。例の先輩をどうにかしてほしい」「東大なんか入らなきゃよかった」　これらは、東大法学部卒のK氏（30代後半・男性）から友人である僕に送られてきたLINEのメッセージ。天下の東大法学部を卒業後、自ら望んでメガバンクに就職したというのに、一体彼に何があったのだろうか。　K氏は、都内の支店営業部に配属され、3年が経った頃精神を病み、その後ほどなくして産業医からうつ病と診断され休職をすることになった。半年の療養を経て復職し現在に至るが、その後の彼は事あるごとに「死にたい」と口にするようになってしまった。　彼がうつ病を患った「銀行」は、東大の学部卒業者に最も人気のある就職先だ。東京大学新聞社の集計では、2019年度東大学部卒業者の就職先企業のトップは三井住友銀行、次いで三菱UFJ銀行と、銀行が2位までを占めている。「民間企業のなかでは給料が高い方だし、福利厚生も手厚い。何より、社会インフラだからリストラに遭う心配がない。一見、安心で安全な職場だよね。東大生の多くは俺と同じような考えで銀行を就職先に選んでいるよ」（K氏、以下同）「東大を出て銀行に採用されたのだから、得意な頭脳労働ができる――」。銀行に就職した当初は、意気揚々とこう語っていたK氏。ところが、彼が実際に命じられた仕事は、中小企業の経営者や資産家の家を一軒一軒訪問して、保険や投資信託の購入をお願いするというもの。つまり、泥臭い営業だ。そこでは、「客」という立場を笠に着た金持ちたちから理不尽なパワハラを受けることもしばしばで、東大法学部で学んだ知識は全く役に立たなかった。必要なのは、受験勉強でも大学の講義でも学ぶ機会の無い「コミュニケーション能力」だ。　東大を出ているような人間は、子供の頃から1人で机に向かっている時間が長い。そのため、論理的な読み書きといった言語スキルは高いが、人との会話やコミュニケーションを苦手としている人がそれなりにいる。対人のストレス耐性も決して高くなく、営業仕事で潰れる東大出身者は多い。K氏と同時入社した東大卒の同期も同じようにうつ病を発症し、現在は「いつ休んでもいい」とされている子会社の窓際部署で飼い殺しになっているという。自分を「コミュ障」と言うK氏にとっても、営業という仕事は苦痛だったのだろう。彼のメンタルはみるみる消耗していった。「慶応卒」に目の敵にされる　銀行の本部には、経営戦略の立案や金融商品の開発といった頭脳労働を行う部署がある。そのような部署で「デスクワーク」をやらせれば、彼らがうつ病を発症するまで疲弊することも無かったかもしれない。しかし、銀行のメイン業務はあくまでも法人融資や個人に保険や投資信託を買ってもらうといった営業だ。営業の現場を知っておかなければ戦略の立てようもないため、後に本部に引き上げるにしても3〜4年は支店で営業を経験させられることが多い。　K氏は、営業成績が極端に悪かったわけではないが、東大卒というだけで「要求される数字が人よりも大きくなる」と不満を口にした。その数字を達成できず、上司に個室に呼び出され「短大出の彼があれだけの成績を上げているのに、天下の東大を出ている君は何でパッとしないの？」と2時間近く詰められたこともあった。上司は、万が一にもパワハラで訴えられないように、大声でどう喝したり机をバンバン叩いたりなどは絶対にしないが、個室での一対一の面談で、静かな声でプライドを丁寧に傷つけてくるそうだ。「『半沢直樹』のパワハラ演出なんてファンタジー。実際はもっと陰湿で砂漠のようなところだよ。今でも思い出すだけで死にたくなる」“普通の成績”しか上げられていないのに、周りからは何かにつけて「東大卒なんてすごいね」「賢いから、私たちなんかあっという間に追いつかれちゃうね」などと言われてしまう。相手に嫌みのつもりは無かったのかもしれないが、これも大きな負担だった。　そんな状況に追い打ちをかけたのが、慶應卒の先輩から受けたいじめだった。無視をされたり、目が合うと舌打ちをされたり、些細なミスを何時間も責められたり…名前ではなく「東大」と呼ばれることもあった。「慶應卒の先輩にとって東大卒の俺の学歴は目障りだったんだと思う。偏見だと言われるだろうけど、『私大の雄』にとって東大は目の敵なんだ。銀行は、東大生が大勢就職すると言っても100人規模の支店内に同窓は数人もいない。ノルマがきつくて部署のみんながストレスを溜めているから、俺の学歴がそのはけ口になったんだろうね」「東大に入らなければ、銀行に入ることもなかった」　人事部から休職を命じられた時には、日に何度も自殺を考えたという。「ドアノブにタオルを引っかけて首を吊ろうとしたことがある」という告白には胸が痛んだ。休職したことで、復職後の給料は同期の約8割、年収560万円にまで落ちてしまった。現在もうつ病は完全には治っておらず、向精神薬と睡眠薬が手放せない。「メンタルが綱渡り状態だから、いい年をして結婚もできないよ。東大に入るための塾やら予備校やらにいかせてくれた親には、心の底から申し訳なく思う。東大なんか入らなきゃよかったな。そしたら、銀行に入ることもなかった」　銀行の経営は今の時代、もはや安泰ではない。規制緩和で増え続けるネット銀行との手数料競争やマイナス金利政策などの影響で、メガバンクは今、個人客を切って少数の金持ちだけを相手にする方針を立てている。振込手数料の値上げや口座維持手数料の導入はその一環だ。最近、みずほ銀行が立て続けに発表した「副業解禁」「3割の事務員を営業に配置転換」「週休3〜4日制」といった新制度も、人員の削減の下準備と言える。　最後にK氏は、これから銀行に就職しようとしている後輩たちに向けてこう言った。「俺のように、『リストラの心配がない』から銀行に就職しようとする学生はもういないかもしれないけど、銀行に入れば自分が泥臭い営業をやらされることも想定しておいてほしい。その類いの仕事は東大卒にはつらいよ」　東大法学部から銀行に就職し壊れかけている1人の先輩が、若い後輩たちへ力を振りしぼって送るメッセージである。【池田渓】1982年兵庫県生まれ。東京大学農学部卒、同大学院農学生命科学研究科修士課程修了、博士課程中退。フリーランスの書籍ライター。共同事務所「スタジオ大四畳半」在籍。近著に『東大なんか入らなきゃよかった　誰も教えてくれなかった不都合な話』（飛鳥新社）がある。
17,IT経済,日立、社内のハンコ業務を全廃へ　取引先とも必要性議論,https://image.news.livedoor.com/newsimage/stf/4/3/43656_1509_ebb25ce2_f879017e-m.jpg,日立製作所は26日、社内の手続きに必要な押印を来年度中に全廃すると発表した。　コロナ禍で在宅勤務の社員が増えており、押印のために出社することがないよう電子署名などに切り替える。使う紙の量をこれまでより7割ほど、A4用紙換算で年間5億枚分減らすこともめざす。　社内の申請業務を見直し、インターネット上で完結するシステムをつくることで、ハンコがいらない仕組みに変える。取引先とも押印の必要性を話し合う。　日立グループは上場子会社を除く国内従業員が約13万人いて、これまで年間7億枚相当の紙を使ってきた。押印の廃止や在宅勤務の普及によって、2020年度は7割減の2億枚相当にとどめる目標も掲げた。　「脱ハンコ」は政府が後押しし、官公庁では見直しが進む。企業では飲料大手のサントリーホールディングスが、22年までに社内外での押印の大半をデジタル化すると表明している。ヤフーやメルカリ、LINEなどIT企業では電子署名を取り入れている。重厚長大産業の代表格の日立が脱ハンコを宣言することで、ほかにも広がるきっかけになりそうだ。（小出大貴）
18,IT経済,スタフラに国内ファンド出資へ　資本増強、100億円規模も,null,スターフライヤーのエアバスA320　ANAホールディングス系の中堅航空会社スターフライヤー（北九州市）に対し、国内独立系の有力投資ファンド、アドバンテッジパートナーズ（東京）が出資する方向で調整に入ったことが26日、分かった。スターフライヤーが実施する第三者割当増資を引き受ける方向。資本増強は総額で100億円規模になる可能性がある。　地方航空会社の増資が実現すれば、新型コロナウイルスの流行後で初めて。　関係者によると、アドバンテッジパートナーズは単独での出資に慎重な意向を示しており、スターフライヤーの既存株主など他の企業が加わることを条件に挙げている。
19,IT経済,めちゃカッコイイのになぜ売らない!? 完成度は高いけど未販売の車3選,https://image.news.livedoor.com/newsimage/stf/5/7/5710e_1730_64421137_bd4ffb79-m.jpg,市販されなかったけど、めちゃカッコよかったクルマを振り返る　世界中の自動車メーカーは、毎年数多くの新型車を発売します。一方で、試作してみたものの市販にはいたらなかったモデルや、発売直前で突然お蔵入りしてしまったクルマも存在。残念ながら市販されなかったクルマたち　前者はもともと市販の予定がなかったもののつくってみたというケースがあり、後者では世界経済の悪化やマーケットの変化が影響したケースが考えられます。【画像】すっごくカッコイイのに！ 残念ながら市販されなかった車を見る（17枚）　そこで、完成度が高く評判は良かったものの、結局は市販に至らなかったクルマを、3車種ピックアップして紹介します。●トヨタ「FT-86 オープンコンセプト」東京モーターショーに出展された、右ハンドル仕様の「FT-86 オープンコンセプト」　トヨタ「86」はスバルと共同開発された2ドアFRクーペで、2012年にスバル「BRZ」とともにデビューしました。　車名は、かつてのコンパクトFRスポーツモデルの「AE86型 カローラレビン／スプリンタートレノ」をオマージュ。　世界的にも希少なコンパクトFRスポーツモデルが登場したことで、国内外から注目を集めました。　そして、2013年にスイスで開催された「ジュネーブショー」のトヨタブースに、86をベースにしたコンセプトカー「FT-86 オープンコンセプト」が展示され、大いに話題となります。　基本的なスタイルは86と変わらず、ルーフは電動のソフトトップに変えられており、オープン時のフォルムも美しいと評価されました。　その後、同じく2013年に開催された「東京モーターショー」でもFT-86 オープンコンセプトの右ハンドル仕様を展示。　その完成度の高さから市販化が大いに期待されましたが、結局は販売するには至りませんでした。●日産「370Z NISMO ロードスターコンセプト」ハイパフォーマンスカーとして市販が期待された「370Z NISMO ロードスターコンセプト」　日産は2020年9月16日に、新型「フェアレディZ プロトタイプ」を世界初公開しました。現行モデルの「Z34型」が発売されてから12年ぶりとなるフルモデルチェンジです。　1969年に誕生した初代フェアレディZから一貫して、販売の主なマーケットはアメリカで、前述のとおりアメリカではスポーツカーにオープンモデルを設定するのが一般的です。　そこで、1989年に発売された4代目からオープンモデルを設定し、5代目、現行の6代目にもオープンモデルが追加されています。　北米では2009年に「370Z ロードスター」を発売。その後、日本市場にも「フェアレディZ ロードスター」として投入されましたが、2014年に国内販売は終了しています。　その後も北米では370Z ロードスターは継続販売され、北米日産は2015年のシカゴモーターショーに「370Z NISMO ロードスターコンセプト」を出展しました。　350馬力まで出力を高められた3.7リッターV型6気筒エンジンを搭載し、強化されたサスペンションやブレーキ、ロードスター専用デザインのカーボンファイバー製リアスポイラー、レカロ製バケットシートを装備するなど、NISMOシリーズにふさわしいスペックとアイテムを採用。　しかし、見た目はいつ市販してもおかしくないほどのクオリティでしたが、結局市販されることはなく、2018年にはアメリカでも370Z ロードスターの販売は終了しています。理由もわからずお蔵入りした超スタイリッシュなSUVとは!?●ランドローバー「レンジローバーSVクーペ」本来ならば超高級SUVとなるはずだった「レンジローバーSVクーペ」　ランドローバーはSUVを専門に販売する歴史のあるメーカーで、1970年に登場した初代「レンジローバー」は、高い悪路走破性を誇る高級クロカン車としての地位を確立し、以降はラグジュアリーなSUVを数多く輩出しています。　このランドローバーは2018年に、世界初のフルサイズ・ラグジュアリー2ドアSUVの「レンジローバーSVクーペ」を、世界限定999台で販売すると発表しました。　ベースとなった4ドアのレンジローバーに対してボディパネルのほとんどを新作して2ドア化。外観はレンジローバーのイメージを踏襲しながらも、低くリアに向かってなだらかに傾斜するルーフラインが、クーペとしての美しさを演出。　大きくなった左右のドアには、力をかけずに閉じることができる電動クローズ機構を採用しています。　内装では前席と後席が異なる色でコーディネートされ、明るい色と落ち着いた色の対比がユニークな4種類の2トーンカラーが設定されました。　また、素材も本革だけでなく、ハンドルやセンターコンソールなどに本木目をふんだんに使用するなど、高度なクラフトマンシップによって豪華な内装を演出。　エンジンは最高出力565馬力を発揮する5リッターV型8気筒スーパーチャージャー付きエンジンを搭載し、0-100km／h加速は5.3秒、最高速度は266km／hとされ、8速ATと組み合わされた4WDを採用しています。　生産は通常のラインではなく、顧客のリクエストから特別な1台を製作する「スペシャル・ビークル・オペレーションズ（SVO）」が、手作業でおこなうことも決まっていました。　しかし、2019年の始めに、この特別な2ドアSUVクーペは1台も販売されることなく、理由も明確にさないまま計画を中止したと発表され、幻のモデルとなってしまいました。※　※　※　市販を予定して企画されながらも販売されなかったモデルは、一般に公表されることがないため実数は不明です。　一方で、ホンダが発売する予定だったFRスポーツカーなど、明確に開発の凍結が発表された例もあります。　われわれが知らないところで、数多くのモデルがお蔵入りになっていると想像できますが、各メーカーによる新型車の開発は、それほど慎重に検討を重ねているということでしょう。
20,IT経済,看護師語る“コロナ看取り”の現場　92人感染の老人保健施設で,https://image.news.livedoor.com/newsimage/stf/f/5/f569b_1212_0e15ff33_b4655df9-m.jpg,「『病院に搬送はできません。施設内で看取ってください』札幌市の保健所から、そう言われて、遺体を入れる納体袋だけが施設に届いたそうです。そもそも、老人保健施設に、十分な医療設備はありません。コロナの重症者にできることといえば、酸素吸入を行うか、解熱剤投与や点滴をするくらい。私たちは、入所者さんたちが亡くなっていくのを、ただ看取るしかできませんでした……」そう話すのは、看護師の金澤絵里さん（43）。これまで金澤さんは、看護師の経験を生かして、アフリカや中東、東南アジアなどで医療支援に携わってきた。日本では、離島や僻地の診療所で働いた経験も持つ“スーパー看護師”なのだ。そんな金澤さんが、コロナ禍で駆けつけたのが札幌の老人保健施設、茨戸アカシアハイツだった。「アカシアハイツでは今年4月、最終的には92人もの新型コロナの集団感染が起きて、看護師が一人もいなくなってしまうという緊急事態に陥ったんです。私は、札幌のNPOに所属しており、それ以外に看護師のボランティアネットワークのメーリングリストに登録していたので、何か緊急事態が起こると、それらの団体から支援を必要としている被災地の情報が流れてきます」アカシアハイツで看護師が必要だという緊急メールが金澤さんの元に送られてきたのは今年5月3日だった。「自分が感染するリスクもある。悩みました。札幌市に問い合わせたら、個人防護具は十分確保している、と。それなら自分を感染から守り最後まで全うできると思って行くことを決めたんです」5月8日、金澤さんは施設に雇用される形で、アカシアハイツに入った。そこは、一人で何人もの高齢者を看取らねばならないほど壮絶な現場だった。「防護服を着てアカシアハイツに入ったら、1階には、陰性の方が約40人。2階には、陽性の方が約50人いました。私が到着した時点では、急きょ支援に入った看護師が4人と、介護士や事務の方を含めて、スタッフはわずか15人ほどだったと思います。この人数で約100人の入所者をケアするほかなかったんです」元々、看護師と介護士合わせて約45人のスタッフがいたが、新型コロナに感染したり、辞めてしまったりして激減していたという。4月下旬から5月にかけて、ちょうど北海道は、感染者がピークに達していた時期だった。リスクの高い高齢者は真っ先に入院させるべきだが、ベッドの空きもなく、施設で見ることを余儀なくされていた。「初日にすぐ、お一人看取ることになりました。その方は酸素吸入をしていたんですが、容体が悪くなる一方だったので、急いで点滴の準備をしていたんです。そしたら、みるみるうちに悪くなって……。重症者だけでも入院させてほしい、と職員たちは市にかけ合っていたと聞いています。しかし、なかなか状況は変わりませんでした」数日の間、なすすべもなく入所者を看取る日が続いた。「感染のリスクがあるので、ご家族は施設内で看取ることもできません。そのなかで自分なりに精いっぱい業務に当たりましたが、見ず知らずの看護師の私に看取られて亡くなるのかと思うと、入所者さんが気の毒で。“入所者さんたちは見捨てられたんだ……”と心を痛める介護士さんの言葉も聞かれ、悔しさと申し訳なさから、介護士さんと泣きながら看取ったこともあります」5月16日、札幌市がようやく対策本部を設置。重症者を病院に搬送できるようになり、施設も徐々に落ち着きを取り戻していった。少しずつスタッフも戻ってきたので、金澤さんは6月下旬にアカシアハイツでの任務を終えた。札幌市は7月3日、アカシアハイツでの集団感染は終息したと宣言。しかし、合計92人の感染者を出し、17人の高齢者が犠牲になるという痛ましい結果となった。医療先進国の日本で、入院できずに目の前で次々と失われていく命。「結局、私一人で5人の入所者さんを看取りました。今でも、入院もさせてもらえず亡くなった人たちのことを思うと、胸が締めつけられるようで……。国や自治体が、もう少し早く感染症への備えをしていたら、救える命もあったはず。二度と同じ過ちを繰り返さないためには、こうして体験をお話しして、多くの人に知ってもらうことも大事だと思っています」（撮影：田山達之）「女性自身」2020年11月3日号 掲載
21,芸能,「あいのり」桃が鼻の美容整形巡り心境告白「やってよかった」,https://image.news.livedoor.com/newsimage/stf/b/4/b4e3b_60_2b2515c1_29650a74-m.jpg,フジテレビ系の恋愛バラエティー番組「あいのり」に参加し、６月に６歳年下の一般男性と再婚したブロガーでタレントの桃（３５）が自身のブログを更新し、読者から寄せられた鼻の美容整形についての質問に答えた。　桃は昨年１２月、メスを使わず糸リフトで鼻の美容整形手術を受けたことを公表。　この日、糸による鼻のプチ整形を考えているという読者から届けられた「桃ちゃんが感じたメリットデメリットがあれば、よろしくお願いします！」という質問を紹介。　施術から約１１か月が経過し「やって良かったなーーーって心から思います！！」と心境を告白。現在の鼻の状況について「もう１年近く経っているので、若干は戻ってきてるとは思いますが、元どおりぺちゃんこ！！！という感じではまだないです」と説明。メリットについて「やっぱり簡単に鼻の高さを出せることです！！」とし、デメリットについては「わかんないけど、やっぱり軟骨のように永久的なものではないみたいなので、それかなぁ」と見解をつづった。　その上で「あくまで私個人の感想ですっ！！！　自己判断で、よーーく考えてくださいね」と呼びかけた。
22,芸能,SNSなしの時代では異次元「千と千尋」の興収記録に改めて称賛の声,https://image.news.livedoor.com/newsimage/stf/2/7/2701c_1711_f7c562935f8dc1dddd88aed707c06b8d-m.jpg,今月１６日から全国公開中の話題のアニメ映画「劇場版『鬼滅の刃』無限列車編」の興行収入が２５日までに１０７億円に達したと、配給元の東宝とアニプレックスが２６日発表した。公開１０日間での１００億円突破は日本の映画史上最速。これまでの記録は国内興収歴代１位の宮崎駿監督作「千と千尋の神隠し」（２００１年、最終興収３０８億円）の２５日間で、２週間以上も早い達成となった。これを受けてネットでは「歴史に名を刻む作品になる」「だいぶ悔しい。しかし鬼滅は悪くないんだ」「どっちも凄い！」などさまざまな意見が飛び交った。　「鬼滅の刃」は全国４０３館で上映され、２４、２５日の土、日曜日だけで２２７万人以上を動員。複数のスクリーンを使って上映しているシネマコンプレックスが多く、平日も多くの観客が映画館に詰め掛けている。　『鬼滅の刃』公式ツイッターはこれを受け、《大変多くの方にご覧いただき、心より御礼申し上げます。観てくださったお一人おひとりに、そして、作品を届けてくださっている映画館関係者の方々に、本作を楽しんでいただけていれば幸いです》との感謝のメッセージを投稿。リプ欄には「もう６回観に行きました。感動をありがとうがとうございます」「素敵な作品をありがとうございました」「旦那がボロ泣きでした！」「海外で人気になればいいね」といったコメントのほか、「アメリカでも公開してほしい」との英語による書き込みも見られた。　「千と千尋−」を抜いての記録更新に、「国民的アニメになったか」「鬼滅の刃の人気が恐ろしいわ」とのコメントが多数あった一方で、「ＳＮＳなしやった千と千尋の神隠しはやっぱり異次元やったんやろ。鬼滅の刃はＳＮＳの貢献が大きいからな」「２０年前であの興行収入を、アニメシリーズも原作漫画もなく単発で叩き出した千と千尋の神隠しよ…となる」「ライバルになるような作品がなかったってのが大きいだろうね。上映数も異常だし。今後この記録を塗り替えるのはまぁ難しいだろうね」などと、当時との社会的背景の違いを指摘するユーザーも多数。「千と千尋の神隠しと鬼滅の刃の比較はナンセンス」とする意見もたくさん聞かれた。また、鬼滅ファンを自称するユーザーの中には「鬼滅の興行収入すごいなって思いつつ、千と千尋の神隠しが１位でいて欲しいなって思う自分もいる」などと、複雑な心の内を吐露する人も散見された。　とはいえ、一つの節目となる「１００億円」到達の最速記録を塗り替えたことで、最終興収も「千と千尋」を超えるか注目される。鬼滅ファンは“偉業達成”に向けて「目指せ興行収入『千と千尋の神隠し』超え」「世界の駿を抜こうぜ！」などと気合が入っている。　吾峠呼世晴氏による漫画が原作の「鬼滅の刃」は、人食い鬼がすむ大正時代の日本を舞台に、家族を殺された主人公の少年・竈門炭治郎が、鬼と化した妹の禰豆子とともに、家族を殺した鬼を討つため旅立つ物語。電子版を含む漫画の累計発行部数が第２２巻をもって１億部を突破し、書店で売り切れが相次ぐなど社会現象を巻き起こした人気作品で、１９年４月にテレビアニメ化されると人気が沸騰。映画では「無限列車」に乗り込んだ炭治郎らと鬼との戦いを描いている。漫画の最終巻となる２３巻は１２月４日に発売される。
23,芸能,SUPER☆GiRLSの石丸千賀が卒業発表「これからの人生改めて考え」,https://image.news.livedoor.com/newsimage/stf/a/f/aff08_456_369f064fb6b8e5f79414e7e9a24ebce1-m.jpg,ＳＵＰＥＲ☆ＧｉＲＬＳのメンバー、石丸千賀（２４）が２６日、１２月３１日に所属事務所、エイベックス・マネジメントと契約満了することに伴い、同グループから卒業すると公式サイトで発表。「これからの人生について改めて考える必要があり、真剣に冷静に悩み考え、卒業を決心しました」とコメントした。
24,芸能,毎朝8時に投稿する理由は…色仕掛けでバズる女性たちの実態,null,セクシー路線の写真や動画をSNSなどに投稿し、いわゆる“バズり”を仕掛ける女性たちが続出しているという。10月26日放送のABEMA「給与明細」では、そんな“バズらせ女たち”に密着。世間の注目を集める彼女たちの実態に迫った。【動画】色仕掛けでバズる女性たち　まず登場したのは、ランジェリー姿のセルフィーを毎日ブログに投稿している女子大生・かんなさん（21）。毎朝8時にブログで公開するランジェリー姿が話題になり、現在では登録者数約1万人の人気ブロガーとして活躍しているという。彼女はブログでランジェリー姿を公開する理由について「毎日身に着けている物だから、毎日見ていただきたいというのと、それを楽しみにしてくださっている方がもし一人でもいるなら、朝の活力になるかなと思って」と説明。毎朝8時に投稿することについては「みなさんの出勤時間だったり登校時間だったりすると思うので、その時間帯に見ていただけたら嬉しいです」と語った。　続いて登場したのはYouTuberとして活躍するしろねこみゃあこさん（24）。黒いボンテージを着用したり、遠隔ローターを使用しながらカラオケを歌ったりするなど、過激なセクシー路線の動画がYouTubeで大反響。現在のチャンネル登録者数は27万人を超えているという。そんな彼女は「好奇心が強くて。これやってみたらすごい楽しんじゃないかなとか、気持ちいいんじゃないかなとか。昔から変態なことみたいなのが好きだったんです（笑）」と、体当たりの動画を公開する理由を説明。また、自身のファンクラブのウェブサイトでは、さらに過激な動画を配信していることも明かした。　最後に登場したのは、セクシーな朗読動画で注目を集めるこのみさん（20）。もともと声優やアイドルを目指して上京した彼女。声優の仕事の経験と豊満なボディを生かし、“バズり”を狙って始めたのがセクシーな朗読だったという。自身のTwitterで朗読動画を公開したところ好評を博し、約3カ月でエンゲージメント率が大幅に上昇。どの動画も顔を隠しているものの、その理由について彼女は「（顔隠しは）狙ってやりました。『逆ムラエチエチ大作戦』っていう、想像力を掻き立てて、逆にムラムラさせる作戦なんです」と説明した。（ABEMA／給与明細より）
25,芸能,ご利益ないと言ってみるとか…玉川徹氏の初詣への提案に批判,https://image.news.livedoor.com/newsimage/stf/c/d/cd387_188_a2518206_de4cd2a8-m.jpg,26日放送の『モーニングショー』(テレビ朝日系)での同局解説員・玉川徹氏のある発言が「罰当たり」との批判を集めている。　この日、番組では政府の新型コロナウイルス感染症対策分科会が年末年始の休暇を前後に延ばす提言をまとめたことについて報道。1月11日まで休暇期間を延長し、その期間の中で休暇を分散して取得する方法を企業に求めるというものだが、その効果を疑問視し、サービス業従事者への負担を懸念する声もある。　>>玉川氏『鬼滅の刃』に「ヒットすると見ない」、斎藤アナ「この映画で優しさを学んでほしい」発言で称賛の声<<　そんな中、話を振られた玉川氏は「密になるのが嫌だってことですよね?」と初詣が三が日に集中してしまうことを政府が懸念していると指摘。「初詣も、確かに3日までに行くしかないわけでしょ、休みが3日までだから」と言い、「今年はその神社やお寺が『三が日はご利益ありません』とか言ってみるとかね。『今年は4日以降に行くとご利益が高いです』とかね」と提案した。　これに出演者たちは苦笑い。羽鳥慎一アナウンサーは「『そんな馬鹿な』ってこと言わないと、やっぱり集まるのは集まると思うんですよ」とフォローしていたが、玉川氏はさらに「たとえば川崎大師とかが、『今年の川崎大師は三が日(に)行ってもあまりご利益ありません。4日以降はご利益増えるように大師様(が)おっしゃってます』みたいなね」と発言。羽鳥アナは「『4日以降も変わらずご利益あります』って言い方はできると思いますけど……。でも確かに分散はした方がいいと思います」と指摘した。玉川氏は「だって神様も仏様も、そこで集まってみんなに感染が広まってってことをよしとするわけないじゃないですか。なにせ神様仏様ですよ?」と力説していた。　この発言に対し視聴者からは、「信仰のことを勝手に言い換えるのはどうなの?」「信仰のことをその時の都合で言いかえるのは違う気がする」「ご利益を求めていってるわけじゃないし、罰当たりだな…」といった疑問の声が集まっている。　新年のあいさつのために人が集まりやすい初詣。コロナ禍で日本文化も見直されてしまうのだろうか――。
26,芸能,「鬼滅の刃」キャラ人気投票「サイコロステーキ先輩」の健闘に注目,https://image.news.livedoor.com/newsimage/stf/5/7/573fd_80_f1b07eb9_80ff9123-m.jpg,第2回「鬼滅の刃」キャラクター人気投票の結果が、2020年10月26日発売の「週刊少年ジャンプ」（集英社）47号で明かされた。応募総数は13万316票だった。「鬼滅の刃」は、2016年から20年の間に「週刊少年ジャンプ」で連載され、シリーズ累計発行部数は1億を超える人気漫画（2020年10月時点）。家族を鬼に殺され、すべてを失った主人公・竈門炭治郎（かまどたんじろう）が、鬼にされた妹を人間に戻すために旅に出るストーリーだ。「サイコロステーキ先輩に223票も入ってるのにも笑った」同作のキャラクター人気投票の結果が、大きな話題を呼んでいる。インターネット上では、紙面に掲載されていない「サイコロステーキ先輩」にも注目が集まっている。「サイコロステーキ先輩223票も入ってるの強くない？wwwwwアニメ登場シーン1分もないのにw」「鬼滅の人気投票票数ヤバすぎて笑ったしサイコロステーキ先輩に223票も入ってるのにも笑った」「サイコロステーキ先輩」は、主人公ら属する「鬼殺隊」に所属するある隊士の俗称。鬼と交戦する主人公の元へ現れ、自らの手柄にするべく「ひっこんでろ」と大口を叩き、鬼に切りかかる。しかしこの鬼は「累」という強敵で、人すら切り刻む鋭い糸を用いて、この隊士をサイコロステーキのようにバラバラにしてしまった。余裕そうに構えながら瞬殺されてしまう様が、インターネット上の一部ファンから強い人気を得ている。人気投票では「累に刻まれた剣士」と称され、223票を獲得し35位にランクインした。アニメでは約40秒しか出番がないのにも関わらず、100以上のキャラクターが競う人気投票で高順位を記録したと言える。なんと主人公の師である鱗滝左近次よりも上位であった。シスター・クローネと我妻善逸の因縁さらに、SNS分析ツール「ソーシャルインサイト」を用いて、「鬼滅」と「人気投票」という語を用いたツイートの分析を行った。すると、「シスター」が最も呟かれた名詞だという結果が出た。これは、同じく「週刊少年ジャンプ」に連載されていた人気漫画「約束のネバーランド」の登場人物、「シスター・クローネ」を指している。インターネット上ではシスター・クローネと、「鬼滅の刃」の登場キャラクター「我妻善逸（あがつまぜんいつ）」とのコラージュ画像が流行しており、これによって投票されたものとみられる。過去には、「約束のネバーランド」の人気投票においても我妻善逸が登場していた。また「シスター・クローネ」の次に呟かれている名詞が「主人公」である。なんと今回、我妻善逸は、炭治郎を押しのけ1位にランクインした。獲得票数は1万7451票で主人公の約2倍に迫る。ツイッター上では、シスター・クローネと我妻善逸の健闘に笑いが起こった。「鬼滅の人気投票にシスタークローネ入ってんのおもしろい越えてアツいわ 善逸と仲良し(捏造)だもんな」「約ネバの人気投票に善逸いたけど案の定鬼滅の刃の人気投票にもシスタークローネいて草」「約ネバに善逸がいるなら、そりゃ鬼滅にシスター・クローネもいるわな(？？？？？？？？？？？？？)」
27,スポーツ,プロ野球ドラフト「田澤ルール」の田澤純一は支配下で指名されず,https://image.news.livedoor.com/newsimage/stf/0/9/09a34_1397_cce11dfb_00acda35-m.jpg,実績十分も来年35歳迎える右腕…今季日本復帰も支配下、育成通じて指名なし　ルートインBCリーグ・埼玉武蔵ヒートベアーズの田澤純一投手が26日、2020年度の「プロ野球ドラフト会議 supported by リポビタンD」で、12球団から支配下で指名されなかった。「田澤ルール」の撤廃によってNPBへの扉は開かれたが、各球団が回避した形に。その後の育成ドラフトでも指名されなかった。　田澤は新日本石油ENEOS（現ENEOS）に所属していた2008年にNPBのドラフト指名を拒否してメジャー挑戦を表明。レッドソックスと6年契約を結んだ。それを受け日本球界では、アマチュア選手がNPB球団を経ずに海外のプロ球団と契約した場合、一定期間（高校生は2年間、大学生・社会人は3年間）はNPBの球団と契約できないといういわゆる「田沢ルール」ができた。　2013年には、セットアッパーとしてレッドソックスの世界一に貢献した田澤。17年からはマーリンズなどを渡り歩き、渡米12年目を迎えた今季はレッズ傘下マイナー選手として契約したものの、3月に契約解除に。新型コロナウイルス感染拡大の影響を受けて帰国し、7月にBC埼玉武蔵と契約して日本復帰を果たした。　その2か月後の9月にNPBと12球団による実行委員会で「田澤ルール」の撤廃が正式に決定。今年のドラフト会議で指名することが可能となり、各球団の動向に注目が集まる中、田澤は「指名されたらいろいろな人と相談しながら決めたいと思います」と話していた。実績十分ながら、来季35歳を迎える田澤。指名リストに入れていた球団もあったが、二の足を踏んだ。その後、育成ドラフトも行われたが、最後まで名前を呼ばれることはなかった。（Full-Count編集部）
28,スポーツ,田中正義や佐々木千隼 期待外れのドラフト1位・パリーグ編,https://image.news.livedoor.com/newsimage/stf/b/5/b52ad_963_17da0e47_acd0c6f3-m.jpg,いよいよ本日開催されるドラフト会議。前回のセ・リーグ編に続き、今回は期待外れのドラフト1位・パリーグ編をお届けする。まずは3年ぶりのリーグ優勝へ待ったナシの福岡ソフトバンクホークスからだ。◆福岡ソフトバンクホークス ドラフトで5球団が競合した即戦力投手　コンスタントにドラ1が活躍している福岡ソフトバンクにあって、最大の失敗例は16年の大卒右腕・田中正義だ。最速156キロを誇り、ドラフトでは5球団が競合した超目玉の即戦力投手のハズが、過去3年間で1軍登板は11登板のみ。それもこれも相次ぐ右肩の故障と体調不良が原因なのだが、それでも昨年までの主な通算成績が14回1/3を投げて被安打19、0勝1敗15奪三振で防御率は8.16というのはあまりに酷い。今季は正念場になるのだが、もう10月末だというのにいまだに1軍登板ゼロでは弁明の余地もないだろう。　一方、野手では10年の高卒捕手・山下斐紹だ。高卒捕手は確かに育成するのに時間がかかるが同球団に在籍した17年までで最も多く出場した1軍での試合数は16年のたった13試合。その間に“カイキャノン”の甲斐拓哉が台頭したこともあって、17年オフに東北楽天ゴールデンイーグルスにトレードされてしまった。同球団での1軍成績は7年間で37試合に出場して打率2割5分、0本塁打、1打点で盗塁阻止率は0割という数字が残っているが、移籍先の東北楽天では昨シーズン、キャリアハイとなる3本のホームランを放っている。◆千葉ロッテマリーンズ 外れ1位はある意味、“ハズレ1位”？　次は福岡ソフトバンクとの優勝争いから後退した感のある千葉ロッテ。17年からの3年間のドラ1はすべて高校生を指名しているが、それ以前は大卒・社会人の投手が目立っている。その中で期待ハズレだったのは16年の佐々木千隼。　前述した福岡ソフトバンク・田中の抽選に外れた球団など計5球団が外れ1位で指名し、なんと外れ1位指名選手としてはドラフト史上最多となる“5球団からの再指名”という快挙を達成した逸材だった。だが、昨年までのプロ3年間で1軍登板わずか22試合、6勝8敗、防御率3.76とまさに“ハズレ1位”となってしまった。　この佐々木ほどではないが、11年の藤岡貴裕も微妙だった。菅野智之（読売）・野村祐輔（広島東洋）と並ぶこの年の“大学BIG3”と称されたものの、千葉ロッテに在籍した6年間での通算防御率は5.79で挙げた勝ち星はわずか21勝。逆に黒星は30あり、貯金を作れたシーズンはゼロに終っている。18年のシーズン途中で北海道日本ハムファイターズへ、さらに昨年途中には読売ジャイアンツへとトレードされている。◆埼玉西武ライオンズ ケガに泣いた6球団競合ドラ1　18・19年とリーグ連覇を果たしていた埼玉西武は基本的に外れのドラ1が少ない。ただ、少ないからこそ、10年の大卒右腕・大石達也の名前が目立つ。　最速155キロを誇る本格派でドラフトでは6球団が競合した超目玉選手だった。しかし、プロ入り後は右肩痛がついてまわった影響もあり、19年の現役引退まで132試合に登板して、5勝6敗8セーブ12ホールド、防御率3.64という成績であった。　また17年の大卒左腕・齋藤大将去年までの2年間で25試合に登板して、1勝3敗、防御率6.91。即戦力の大卒投手としてはもの足りない成績に終った。今季も5試合に登板したが、防御率7.71と結果を出せず、9月3日の千葉ロッテ戦での登板を最後に2軍落ちしている。◆東北楽天ゴールデンイーグルス 俊足巧打で甲子園を沸かせたオコエが……　埼玉西武とAクラス争いを続けている東北楽天はこの10年で高校生5人を1位で指名している。3年間は育成期間と考えて、プロ4年目以降の成績をみてみるとまず、名前が挙がるのが15年のオコエ瑠偉だろう。                              1  2  次へ
29,スポーツ,楽天・石井一久GM　“勝負の左”で早大・早川の当たりくじ「こんなに緊張したことはない」,https://image.news.livedoor.com/newsimage/stf/8/e/8ec19_929_spnldpc-20201026-0252-010-p-0-m.jpg,◇プロ野球ドラフト会議（２０２０年１０月２６日）　プロ野球のドラフト会議（新人選手選択会議）は26日に東京都内で開催され、早大の早川隆久投手（22）はヤクルト、楽天、西武、ロッテが1位指名。4球団の競合の末、楽天が今ドラフトの超目玉となった左腕の交渉権を獲得した。　左手で当たりくじを引き、大役を終えた楽天の石井一久GMは「現役時代の“勝負の左”なので、今日は絶対に左手でなんとか、スカウトの皆さんの思いもあるので、頑張りました」と安どの表情。この日は、えんじ色のネクタイを身に着け「楽天、まあ、早稲田…。どっちつかずな色で」と笑った。　続けて、早川について「今年一番の投手。これから、球界を背負っていけるピッチャーだと思っているので、5年、10年、日本を代表する投手になってほしい」と大きく期待。あらためて「人生、こんなに緊張したことはない」と振り返り、「早川くん、渋滞がない限り急いで行きます。“隆久（たかひさ）”というのは、僕のお父さんが“隆（たかし）”、僕が一“久”。両方の漢字が入っているので縁を感じました。よろしくお願いします」と、満面の笑みで呼びかけた。
30,スポーツ,巨人・原監督　くじ引き１０連敗に「残念」も外れ１位平内絶賛「即戦力」「菅野２世」,https://image.news.livedoor.com/newsimage/stf/6/8/6857d_50_9bfbfb52_7f0f6c61-m.jpg,「プロ野球ドラフト会議」（２６日、都内ホテル）　巨人の原辰徳監督が１位指名した近大・佐藤輝明内野手（４年＝仁川学院）の抽選に臨んだが、４球団の入札の末に、またしても交渉権獲得のくじを外した。　オリックス、阪神、ソフトバンクの順でくじを引いた。最後のくじを右手で引いたが、阪神・矢野監督がこん身のガッツポーズ。　外れ１位には最速１５６キロ右腕の亜大・平内龍太投手（４年＝神戸国際大付）を指名。「佐藤君を取れなかったのは残念ですけども。平内君を取れたのは非常に将来性を含め即戦力リリーフ。非常に喜んでいます」と前を向いた。映像を見た感想として、エース菅野の名前を挙げ「智之タイプ。マウンドでの立ち居、ボールも含めて。まさに智之二世というか、自信を持ってジャイアンツの門をたたいてほしい」とした。　原監督のドラフト抽選は１勝１１敗。くじ引きは２００８年、大田泰示（現・日本ハム）を当てて以降、６連敗に。最後の残りくじに福がなく「いやあ、もう福が残ってほしいという気持ち一点でしたけども」と残念そうに振り返った。
31,スポーツ,早大・早川を引き当てたのは楽天！ヤクルト、西武、ロッテとの4球団競合の末,https://image.news.livedoor.com/newsimage/stf/5/e/5eb45_929_spnldpc-20201026-0243-007-p-0-m.jpg,◇プロ野球ドラフト会議（２０２０年１０月２６日）　プロ野球のドラフト会議（新人選手選択会議）は26日に東京都内で開催され、早大の早川隆久投手（22）はヤクルト、楽天、西武、ロッテが1位指名。4球団の競合の末、楽天が今ドラフトの超目玉となった左腕の交渉権を獲得した。　最速155キロの直球に多彩な変化球、加えて精密なコントロール――。左腕で一つでもあれば大きな武器になるが、早川は全てを備える。プロのスカウトからは「このレベルの左投手はプロにもいない」との評価を得ていた。　早川にとって進化の秋となった。秋季リーグが開幕した9月19日の明大戦。最速152キロ速球にスライダー、カットボールを織り交ぜ17奪三振。2安打1失点完投で入江とのドラフト1位候補対決に「圧勝」した。　コロナ禍での練習自粛期間。短・中・長距離と分けた走り込みで下半身を鍛え、シャドーピッチングや遠投でフォームを固めた。3月22日の巨人2軍戦では5回9安打4失点と炎上。春先は変化球のフォームが緩む悪癖を突かれたが、半年で欠点を矯正。ロッテなどで通算117勝の小宮山悟監督も「球の速さ、制球力に、投球のコツをつかんでランクが上がった」と評価する。　「将来は野球界に名が残る大投手になりたい」と語る早川がプロでどんな足跡をたどるのだろうか。　◆早川　隆久（はやかわ・たかひさ）1998年（平10）7月6日生まれ、千葉県横芝光町出身の22歳。上堺小1からソフトボールを始める。横芝中では軟式野球部に所属。木更津総合では1年秋からベンチ入りし2年春、3年春夏と計3度甲子園出場し3年春は8強入り。3年時にU18高校日本代表に選出。早大では1年春から登板し通算51試合で12勝12敗、防御率2・59（10月26日現在）。1メートル80、80キロ。左投げ左打ち。
32,スポーツ,近大・佐藤は阪神が交渉権　4球団競合の末　近大野手1位指名は有藤以来52年ぶり,https://image.news.livedoor.com/newsimage/stf/a/e/ae5e2_929_spnldpc-20201026-0240-006-p-0-m.jpg,◇プロ野球ドラフト会議（２０２０年１０月２６日）　プロ野球のドラフト会議（新人選手選択会議）は26日に東京都内で開催され、近大の佐藤輝明内野手（21）は4球団の競合の末、阪神が交渉権を獲得した。指名を公表していた巨人、オリックス、ソフトバンクに加え阪神が1位指名で競合する中、ドラフトの目玉を阪神の矢野監督が引き当てた。近大の野手としてのドラフト1位指名は、1968年に東京オリオンズ（現ロッテ）から指名された有藤通世（本紙評論家）以来、実に52年ぶりとなる。　今月18日の関大１回戦で関西学生野球リーグ通算14本塁打を記録。1998年に母校の先輩・二岡智宏（現巨人３軍監督）が記録した通算13本塁打のリーグ記録（1982年の新リーグ創設以降）を塗り替えた。　「ソフトバンクの柳田みたい」「（阪神の）糸井2世」とスカウトが口をそろえる驚異的なスイングスピードで捉えた打球は、軽々と外野フェンスを越える。高いレベルで走攻守3拍子が揃う。1メートル86、92キロの恵まれた体格に50メートル走6秒0、遠投100メートルを誇る。規格外のスケールを持つ佐藤は「小さい子がバッティングを見て、凄いと思うような、ヒーロー的な選手になりたい」と語る。　仁川学院（兵庫）では、高校通算20本塁打を放ったが、兵庫大会の最高成績は2年夏の4回戦で、3年夏は初戦敗退だった。全国の高校球児が憧れる「甲子園」とは縁遠い環境にあったが、大砲には「高校の時から、やることをやっていれば絶対にプロに行けるという自信があった」と地道にレベルアップを図った。高校から本格的に筋力トレーニングを始め、入学時の65キロから約30キロ増量。同時に身長も10センチ程度伸びた。　「毎年30本打てるように。それくらいホームランにはこだわりたい。理想の打球はホームランなので、基本的には狙って、試合に入っています」　日本球界最高峰の舞台でも、豪快な一振りで夢を描く。　◆佐藤輝明（さとう・てるあき）　1999年（平11）3月13日生まれ、兵庫県西宮市出身の21歳。甲東小1年から甲東ブルーサンダースで野球を始める。6年時にタイガースJr.入り。甲陵中では軟式野球部に所属。仁川学院では2年夏から4番を打ったが甲子園出場なし。近大では1年春からリーグ戦に出場し、2年秋にMVPを獲得。2年春（外野手）、同年秋、3年春（三塁手）と3季連続でベストナイン。1メートル86、92キロ。右投げ左打ち
33,映画,「今日から俺は!!」の元祖実写版！　東映Vシネマシリーズ、2021年1月にDVDリリース,https://image.news.livedoor.com/newsimage/stf/6/b/6be2b_150_95922fda_d10caca0-m.jpg,西森博之氏の人気漫画「今日から俺は!!」の“元祖実写版”ともいえる東映Vシネマシリーズ5作のDVDが、2021年1月13日に発売されることが決定した。　賀来賢人と伊藤健太郎の共演、福田雄一監督の演出・脚本による2018年のドラマ版、そして20年7月から公開された劇場版の大ヒットで、再び注目を集めた80年代青春ツッパリコメディ「今日から俺は!!」。金髪パーマの規格外ヒーロー・三橋貴志が、トンガリ頭の伊藤真司（伊藤）とともに“最強のツッパリコンビ”として大暴れするさまを描いている。　93年4月にOVA化され、シリーズ全10作のヒット作に。そして、OVAより一足早い93年1月には、東映Vシネマとして初の実写化が実現。主人公の三橋＆伊藤役には、役名を芸名とした三橋貴志と、中倉健太郎の新人2人が抜てきされ、シリーズ全6作（シリーズ第3弾は、映画版として劇場公開）が制作された。　今回は、未DVD化だったシリーズ第2〜6弾をリリース。発売中の第1弾と合わせて、ついにシリーズ全6作のDVD化が実現することになった。価格は、各作品2500円（税抜き：レンタルあり）。ラインナップは以下の通り。「今日から俺は!!2」　楽しいツッパリライフを送る三橋と伊藤は“アレがしたい”という不純な動機から突然ケンカをやめると言い出した。その矢先、謎の3人組による軟高生無差別虐待事件が起こる。“アレがしたい”がために、ケンカをしないと誓った手前、やるにやれないもどかしさをヒキョーな手で乗り切る2人。しかしラストには、紅高番長の今井、突然現れた美少女あゆみを巻き込んで、逃れられない大パニックが起こる。「今日から俺は!!」（映画版）　東映Vシネマシリーズ初の劇場公開作品。「今日から俺は、ツッパリになるぜ！！」と髪型を変え、軟葉高校に転校してきた金髪頭の三橋とウニ頭の伊藤は、当然ながら他校の不良たちに目を付けられる。ケンカともなれば、真正面からぶつかる伊藤とは対照的に、ヒキョーな手段で逃げ切る三橋。そんな三橋に思いを寄せている赤坂理子が、開久高校のバスケ部キャプテン片桐と急接近。そのことが原因で、三橋と伊藤はハチャメチャな大乱闘に展開する。「今日から俺は!!電撃の17才」　ある日、三橋の前に突如叩きつけられた挑戦状。それは2年前の恨みをはらさんとする開久高校・桐村の仕業だった。桐村は髪を金髪に染め、三橋と名乗ってやりたい放題。これが発端となり、軟葉高校と開久高校の野球対決、三橋＆伊藤VS今井紅高軍団VS開久凶悪軍団のバトルが勃発する。「今日から俺は!!ガッツだぜ17才」　猛烈な正義感に燃える転校生・高崎が、女生徒たちの人気をバックに校内規律を守るため、ツッパリを撃退。悪の元凶と敵視され、さすがの三橋、伊藤も形無しだ。ところが、高崎が勘違いをして忠実高校の生徒を投げ飛ばしたことから、同校による“軟葉高校狩り”が始まってしまう。「今日から俺は!!嵐を呼ぶ17才」　隣町の北根壊高を牛耳る柳と大嶽が、軟葉高と紅羽高をシメて君臨するためにやってきた。彼らは、生徒たちに“LOVE＆PEACE”のバッジを1個5000円で売りつけ、買わない生徒をボコボコに。まじめな高校生・森川も、断ったために腕を折られてしまう。森川の姉で剣士の涼子は、弟が三橋にやられたと思い、戦いを挑む。そして、北根壊高も、三橋と伊藤を付け狙う。
34,映画,ティム・バートン監督が「アダムス・ファミリー」実写ドラマ化へ！,https://image.news.livedoor.com/newsimage/stf/b/e/be0a2_97_14dc988b_7e022179-m.jpg,「アダムス・ファミリー」の新たな実写ドラマシリーズ化が、MGM TV の下で進行中だとDeadlineなどが報じた。映画『シザーハンズ』や『チャーリーとチョコレート工場』などのティム・バートン監督がエグゼクティブプロデューサーとして交渉中であるほか、全エピソードでメガホンを取る可能性もあるという。　メインの脚本家を務めるのは、テレビドラマ「ヤング・スーパーマン」のアルフレッド・ガフ＆マイルズ・ミラー。二人はショーランナー（製作総責任者）のほか、バートン監督と共にエグゼクティブプロデューサーも担当する予定だ。現在、Netflixなどが同作の配給権を競り合っているところとのこと。　「アダムス・ファミリー」は、漫画家チャールズ・アダムスが1930年代に雑誌に描いた一コマ漫画としてスタート。1960年代にテレビシリーズやアニメシリーズが制作され、1991年の実写映画は続編も制作される大ヒットを記録、日本では今年9月にアニメーション映画版が公開されたばかりだ。不気味な洋館に住む、不幸で忌まわしいものが大好きなモンスター一家の日常を描くシリーズは、多くのファンを獲得している。　今回の実写ドラマシリーズの舞台は現代で、アダムス・ファミリーの長女ウェンズデーの視点から描かれる予定だという。不気味でダークなコメディーは、まさにバートン監督にぴったりの題材。新たな名作が誕生することになるのか、期待がかかる。（編集部・市川遥）
35,映画,波瑠「……」多い主演作で内面としっかり向き合う作業,https://image.news.livedoor.com/newsimage/stf/9/f/9f4a8_97_8a014d8e_0e58b4cc-m.jpg,波瑠が26日、スペースFS汐留にて行われた主演映画『ホテルローヤル』完成報告会イベントに出席。自身が演じた役柄の台本に「……」が多かったことに強い危機感を持ってのぞんだことを明かしていた。イベントには安田顕、夏川結衣、岡山天音、武正晴監督も参加した。　本作は桜木紫乃の直木賞受賞作を、映画『百円の恋』などの武正晴監督が映画化。北海道の湿原に立つラブホテル「ホテルローヤル」を舞台に、ホテルを訪れる事情を抱えた人々の機微を描く。　波瑠が演じた「ホテルローヤル」の経営者の一人娘・雅代は、主人公でありながら、親や従業員を見つめているシーンが印象的で、台本にも「……」が多かったという。波瑠は「周りがにぎやかに展開していくのですが、雅代さんは静かに佇んでいるシーンが多く、下手したらただ突っ立っている日々になってしまう」と危機感を募らせていたそう。だからこそ「雅代さんの内面としっかり向き合う作業をしなければいけない」と撮影は緊張した日々だったと明かした。　さまざまな人がそれぞれの思惑を持ちホテルにやってくる。結末はどうであれ「ホテルローヤル」は、そこに滞在する人の心に寄り添い、心を満たしてくれる存在でもある。波瑠は「わたしはお腹が満たされると、心も満たされるみたいです」と笑うと「4月から外食が難しくなり、一人で寂しく食事をする時間が増えました。一人は好きなのですが、最近細心の注意を払って外でご飯を食べたら、ものすごく心が満たされたんです」と語った。　すると安田も「僕も最近、細心の注意を払って大江戸温泉に行き、すっぽんぽんになって大きなお風呂とサウナに入ったあと、垢すりマッサージをしたら、本当に心が満たされた」とコメント。共演者の間に立てられたアクリル板を見て「これが早く取っ払われる時代に戻ったら、もっと満たされるのでしょうね」と多くの人の気持ちを代弁していた。　この日は、ほか作品の撮影のためにイベントに参加できなかった松山ケンイチから思いがつまったコメントが届くと、波瑠も「キャンペーンで桜木先生と話していたとき『なにかから積極的に逃げることは、変換するとものすごく前向きなんだ』と仰っていました。その言葉って目から鱗だったのですが、そんなメッセージが込められている映画です」と熱い気持ちを吐露していた。（磯部正和）映画『ホテルローヤル』は11月13日公開
36,映画,小野賢章ら歴代ジョジョ役声優がパーソナリティを務める「JOESTAR RADIO」11月配信スタート,https://image.news.livedoor.com/newsimage/stf/a/0/a01d5_150_ea70c812_706f2cf3-m.jpg,アニメ「ジョジョの奇妙な冒険」シリーズ歴代主人公の声を担当した声優陣によるウェブラジオ番組「JOESTAR RADIO」の配信が決定した。2021年4月4日開催の「ジョジョの奇妙な冒険 The Animation Special Event 〜ジョースター受け継がれる魂〜」に向けた企画となる。　番組は、warnerbrosanime公式YouTubeで11月8日から配信開始。インターネットラジオステーション「音泉」でも9日にスタートする。月替わりでアニメ化された全5部の主役キャストが出演し、11月は第1部「ファントムブラッド」からジョナサン・ジョースター役の興津和幸が、ロバート・E・O・スピードワゴン役の上田燿司とともにメインパーソナリティを務める。12月は第2部「戦闘潮流」からジョセフ・ジョースター役の杉田智和、21年1月は第3部「スターダストクルセイダース」から空条承太郎役の小野大輔、2月は第4部「ダイヤモンドは砕けない」から東方仗助役の小野友樹、3月は第5部「黄金の風」からジョルノ・ジョバァーナ役の小野賢章がメインパーソナリティとなる。　番組内では「ジョジョの奇妙な冒険」アニメシリーズへの感想メールなどを紹介するほか、テーマトーク「アバウト ジョジョ」、各部に登場する主人公以外のキャラクターのお気に入りシーンを視聴者から募集する「ジョジョの奇妙な冒険ベストシーン」といったコーナーが行われる。　なお、メインパーソナリティを務める興津、杉田、小野大輔、小野友樹、小野賢章の5人は「ジョジョの奇妙な冒険 The Animation Special Event 〜ジョースター受け継がれる魂〜」への出演も決定している。イベント内容やチケットの詳細などは「ジョジョの奇妙な冒険」公式ポータルサイトで随時発表予定。
37,グルメ,ロッテ「爽」に初のクッキー入り！　「クッキー＆チーズ」期待しかない。,null,ロッテの人気アイス「爽」ブランドから2020年10月26日、初のクッキー入り商品「爽　クッキー＆チーズ」が発売されます。あと味スッキリほろほろ食感のチェダーチーズクッキーとクリームチーズでコク深い味わいがポイント。爽ならではの微細氷で、後味はすっきりです。クリームチーズを使ったチーズアイスは、コクがありながらもやさしい味わい。クッキーはチェダーチーズを使用した風味が魅力です。希望小売価格は140円(税別）。
38,グルメ,至福の「牡蠣食べ放題」やってるよ♪ カキフライ、生牡蠣、牡蠣ごはんも好きなだけ,https://image.news.livedoor.com/newsimage/stf/7/f/7ff8d_1332_cc75070a_dda9485b-m.jpg,"ゼネラル・オイスターにて、10月16日（金）〜10月31日（土）の期間、「牡蠣料理 堪能 食べ放題」が開催されています。【画像あり】カキフライ、生牡蠣、牡蠣ごはんも! 至福の「牡蠣食べ放題」♪今回食べ放題となる生牡蠣を含む20種類の牡蠣料理には、牡蠣と茄子のアヒージョ、牡蠣ごはん、牡蠣としめじのパスタなど秋の食材を使用したメニューもラインアップされています。牡蠣好きなら必見の本イベント、気になる人は足を運んでみては？食べ放題メニュー：牡蠣料理20種類生牡蠣（真牡蠣）、牡蠣の素焼き、カキフライ、牡蠣の酒蒸し、牡蠣のバターソテー、牡蠣の炙り、香草バターの焼き牡蠣、ウニと牡蠣醤油の焼き牡蠣、アンチョビトマトの焼き牡蠣、牡蠣と野菜のオイスターソース炒め、牡蠣のなめろう、酢牡蠣、牡蠣の磯辺巻き、牡蠣フリット、牡蠣の昆布焼き、牡蠣ブルスケッタ、オイスターカクテル、牡蠣と茄子のアヒージョ、牡蠣ごはん、牡蠣としめじのパスタ、バケット（おかわり自由）【牡蠣料理 堪能 食べ放題】概要■開催期間：10月16日（金）〜10月31日（土）ディナータイム限定■価 格：1名あたり 4,980円（税別）※早割り：17時〜18時に開始の予約で、300円オフにできます。■時 間：120分制（90分ラストオーダー）＊プラス1,980円(税別)で飲み放題も付けられます。／120分制（90分ラストオーダー）＊食べ放題・飲み放題共に、2日前までの予約制となっています。＊一部店舗は営業時間短縮となっています。＊産地の天候や入荷状況により、予告なく開催期間が変更となる場合があります。■開催店舗ゼネラル・オイスターグループの、17店舗限定で実施しています。＜東京都＞ガンボ＆オイスターバー 新宿ルミネエスト店ガンボ＆オイスターバー 池袋東口店カーブ・ド・オイスター 東京駅八重洲地下街オイスターテーブル 上野さくらテラス店オイスターテーブル 銀座コリドー店オイスターテーブル 浜松町店キンカウーカ 小田急新宿店エミットフィッシュバー GINZASIX＜神奈川県＞シュリンプ＆オイスターバー 横浜モアーズ店＜茨城県＞ガンボ＆オイスターバー 水戸京成店＜宮城県＞仙台ステーションオイスターバー エスパル仙台店＜愛知県＞オイスタールーム 名古屋ラシック店＜大阪府＞ガンボ＆オイスターバー 梅田NU茶屋町店ガンボ＆オイスターバー なんばパークス店ウメダステーションオイスターバー 阪急グランドビル店＜兵庫県＞ガンボ＆オイスターバー ミント神戸店＜福岡県＞フィッシュ＆オイスターバー 福岡キャナルグランドプラザ店"
39,グルメ,【ハロウィン】くら寿司のハロウィンメニューが本格的すぎて...。　3日間限定で登場。,null,回転寿司チェーン「くら寿司」では、2020年10月29日から31日までハロウィン限定メニューを販売します。今年は、日本の妖怪を主役とした和スイーツ「日本版ハロウィン」がテーマ。一躍有名になったあの妖怪も登場しますよ。ふわふわ、もちもち、ギョロっ 今年で4回目となるくら寿司のハロウィン限定メニューは、珍しい練りきり和スイーツで展開されます。「コロナ退散祈願」として疫病退散のご利益があると注目された妖怪「アマビエ」や、河童、三つ目小僧など、日本でおなじみの妖怪全6種がおいしくなって現れます。「ジャック・オ・ランタン、三つ目小僧、提灯お化け」には「こしあん」、「アマビエ、河童、からかさお化け」には「いちごあん」が入っています。1個200円、持ち帰りは不可。※アマビエは、今年6月に販売しSNSで話題となったものをアレンジしたバージョンです。 また、高級かき氷機で生み出された「ふわ雪ギョロっとモンスター」（280円）も同時に登場します。 果肉入りのイチゴソースがたっぷりかかったふわふわなかき氷の上に、中にイチゴソースが入ったもちもちの「目玉大福」をトッピングした、インパクト抜群のコワかわいいメニューです。大人気の「夢のふわ雪」のハロウィン限定アレンジです。「追い目玉」として4個200円で目玉大福が追加できます。盛り付けも楽しめそうですね。 なお、今年は10月31日までTVアニメ「鬼滅の刃」とのコラボ企画を実施中。コラボメニューや「鬼滅の刃」オリジナルグッズが当たる「ビッくらポン」などが楽しめます。コラボメニュー一例妖怪と炭治郎たちが出会う特別な空間に浸りたい人は、この3日間をお見逃しなく。価格はすべて税別表記。
