0,国内,横浜市で新たに28人が感染 男性26人は同じホストクラブ関係者,null,神奈川県横浜市で３０日、新たに２８人の新型コロナウイルス感染が確認されました。確認された２８人は２０代から４０代の男性２７人と２０代の女性１人で、このうち男性２６人は横浜市内にある同じホストクラブの関係者だということです。横浜市は感染経路を詳しく調べています。横浜市内の新規感染者が２０人を超えたのは４月２３日の２１人以来です。
1,国内,神奈川県内で31人の感染を確認 1日の感染者が30人超えは47日ぶり,null,　きょう、横浜市で28人が新型コロナウイルスに感染していたことが分かった。　横浜市によると、きょう市内で男女28人の感染が確認された。また、川崎市や相模原市などで３人の感染が確認されるなど、神奈川県内であわせて31人の感染が確認された。県内の一日の感染者が30人を超えたのは緊急事態宣言中の５月14日以来、47日ぶりとなる。【映像】31人の感染を確認 30人超えは47日ぶり　また東京都ではきょう、54人の感染が確認されており、5日連続で50人を超えた。（ANNニュース）
2,国内,東海が局地的に記録的大雨の恐れ 土砂災害などに警戒を呼びかけ,null,　発達中の低気圧や前線の影響で西日本は7月1日朝、東日本は2日にかけて雷を伴った非常に激しい雨が降りそうだ。特に東海は局地的に記録的大雨の恐れがある。気象庁は30日、土砂災害、低地の浸水、川の増水・氾濫に厳重な警戒を呼び掛けた。落雷や竜巻などの突風にも注意が必要だ。　気象庁によると、低気圧は日本海西部から東北東に進んでいる。東日本に延びた温暖前線は1日朝に津軽海峡付近まで北上し、寒冷前線は1日夜にかけて西日本から北日本を通過する見込み。低気圧や前線に暖かく湿った空気が流れ込み、西日本や東日本は大気の状態が安定せず、前線の活動が活発化しそうだ。
3,国内,東京都のコロナ新指標、数値基準なし　小池知事が会見へ,https://image.news.livedoor.com/newsimage/stf/b/5/b546e_1509_d2cc3fc0_67918b40-m.jpg,　東京都は30日、新型コロナウイルスの「次の波」への警戒を呼びかけるための新たな指標をまとめた。　医療提供体制の状況を重視し、具体的な数値基準は設けない。専門家らによる分析などを踏まえ、「緊急事態宣言下での最大値」などと比較して、必要に応じて警戒を呼びかけていく方針。小池百合子知事が30日夜、正式に発表する。　新たな指標は7項目。潜在的な市中感染を把握するため、新たな感染者数（1週間平均）と感染経路が不明な人数（同）に加え、東京消防庁への発熱相談件数を追加した。医療提供体制の逼迫（ひっぱく）度を確認する指標としては、検査の陽性率、入院患者数、重症患者数に加え、救急隊の受け入れ要請を五つ以上の病院で拒否されるか、20分以上受け入れ先が決まらない「東京ルール」の適用件数も指標の一つに盛り込んだ。　陽性率の項目は従来はPCR検査だけだったが、短時間で結果がわかる抗原検査も対象に加える。感染経路が不明な人はこれまで感染者数全体に占める割合を指標としてきたが、人数と週単位の増加比に修正した。
4,国内,福井のダム湖に複数の刺し傷などがある男性の遺体 殺害の疑いも,null,男性の遺体が見つかった福井県坂井市の竜ケ鼻ダムのダム湖＝30日午後　福井県坂井市のダム湖で29日に男性の遺体が見つかり、県警は30日、何者かに遺棄されたとみて死体遺棄容疑で坂井署に捜査本部を設置した。胸などに複数の刺し傷や切り傷があり、殺害された疑いもあるとして捜査を始めた。遺体の身元は福井市の会社員青柳卓宏さん（40）と特定した。　坂井署によると、胸部などに刃物のようなもので傷つけられた痕が数カ所あり、中には肺に達する刺し傷もあった。腐敗が進んでいないことから、死亡から数日とみている。　青柳さんは1人暮らしで、遺体が発見される数日前に父親が「息子と連絡がつかない」と捜索願を県警に出していた。
5,国内,東京都で新たに54人の感染を確認 5日連続で50人を上回る,null,　関係者によると、30日に東京都が確認した新型コロナウイルスの新たな感染者は54人だった。50人を上回るのは26日から5日連続となる。（ANNニュース） 
6,海外,北朝鮮、コロナ禍でも生ビール！？　国境封鎖による経済的苦境は本当なのか　金正太郎氏がリポート,https://image.news.livedoor.com/newsimage/stf/c/e/ce6b5_367_d9e1a4460789f56a1eb675adbda50e10-m.jpg,　金与正（キム・ヨジョン）朝鮮労働党第一副部長の超毒舌が注目される北朝鮮は、新型コロナウイルスによる国境封鎖で経済的苦境に直面しているといわれる。ところが、日本海側の浜辺に流れ着くゴミは減らず、嗜好（しこう）品が目立つという。ペットボトル型の生ビールまで発見された。北朝鮮ウオッチャーの金正太郎氏が足で稼いだ実態を報告する。◇　山口県から秋田県まで、日本海沿岸の広範囲に北朝鮮から排出されたプラスチックゴミが無数に漂着している。特に、距離が近い西日本の沿岸には、ペットボトルが２０１６年ごろから発見されている。　コロナ禍の今年、海岸線を徹底的に歩いて確認したところ、個体数は多い。３〜４年前は北朝鮮で収穫できるリンゴや桃のジュースが主流だったが、今年は輸入とみられるパインやマンゴーのジュースや、免疫力を上げるためか乳酸菌飲料の容器が多くなっている。　そして、今月中旬、初めて「大同江（テドンガン）ビール」のペットボトル容器（１・２５リットル）を発見した。　平壌（ピョンヤン）にある大同江ビール工場は、金正恩（キム・ジョンウン）党委員長や与正氏の父、金正日（キム・ジョンイル）総書記の肝いりで２００２年に完成した。英国の設備、ドイツの技術を融合し、「さわやかな味わい」が人気という。　北朝鮮を舞台にした話題の韓流ドラマ「愛の不時着」でも、大同江の缶ビールが登場するほどメジャーな銘柄になっている。　瓶と樽詰めが主流だったが、北朝鮮系の商品紹介サイト「曙光（ソガン）」によると、昨年６月、「生ビールの濃度と味をそのままに樹脂瓶（ペットボトルの意）が出て人気を集めている」という。　一部で伝わる、「コロナ鎖国による飢餓状態」は本当なのか？　宮塚コリア研究所（甲府市）の宮塚利雄代表は「経済情勢が厳しいのは間違いない。韓国の宣伝ビラに激怒しているのも、文在寅（ムン・ジェイン）政権が具体的支援を何もしてこないからだ。それにしても、こんな立派なペットボトル型の生ビールが、日本まで流れ着くとは驚いた。新興富裕層が地方まで広がっている可能性がある」と分析した。　同国の格差社会を象徴するアイテムのようだ。
7,海外,３０年後に「野生コアラいない」＝森林火災で生息地打撃―豪東部州,https://image.news.livedoor.com/newsimage/stf/8/b/8bfb4_1596_c83464d3_749c0b3f-m.jpg,　【シドニー時事】オーストラリア東部ニューサウスウェールズ州議会の上院調査委員会は３０日にコアラに関する報告書を公表した。　今年初めにかけて起きた大規模森林火災で生息地の２割以上が深刻な打撃を受けたなどとして、生息地を保護するために州政府が緊急に介入しなければ、２０５０年までに同州から野生のコアラがいなくなると警告した。　報告書は、州内に生息するコアラはこれまで３万６０００匹と推測されていたが、長期的な減少傾向に森林火災に伴う大量死が重なり「古くて、信頼できない」と指摘。森林伐採などにより生息地の減少や分断が進む中、森林火災で生息地の最大８１％が失われた地域があると分析した。　
8,海外,野生のコアラ 豪政府が生息地保全に取り組まなければ2050年までに絶滅も,null,オーストラリア・ニューサウスウェールズ州のコアラ（同州提供・共同）　【シドニー共同】オーストラリア東部ニューサウスウェールズ州議会の委員会は30日、昨年9月から今年2月ごろにかけて続いた大規模な森林火災の影響などにより、政府が野生のコアラの生息地保全に取り組まなければ、2050年までに州内でコアラが絶滅するとの調査結果を発表した。　委員会の報告書は、生息地の損失が最大の脅威であるにもかかわらず、森林伐採や開拓が続いていると指摘。さらに森林火災で州内の生息地の24％が影響を受け、一部では81％が焼失したとしている。　森林火災では5千匹が死んだと推測。州政府は生息数を3万6千匹と推計しているが、もっと少ないとの見解を示した。
9,海外,イギリスの新型コロナ死者 疑い例を含めて5万5000人に迫る,https://image.news.livedoor.com/newsimage/stf/4/8/48945_769_09ded275387cd0ce29d15acc77a4ef83-m.jpg,［ロンドン　３０日　ロイター］ - 公式データに基づくロイターの集計によると、英国の新型コロナ感染症による死者は疑い例を含めて５万４８５２人となった。数字は、イングランド、ウェールズ、北アイルランドで６月１９日までに発行された死亡証明書、スコットランドで６月２１日までに発行された死亡証明書で死因が新型コロナ感染症と記載されている数、および最近までの病院での死亡者数に基づいている。死亡証明書の集計では、新型コロナ感染症が死因と断定できないケースも含まれるため、政府が日々発表する死者数より多くなる。当局が２９日発表した累計死者数は４万３５７５人だった。英政府は、ロックダウンの発動が遅いなど、新型コロナ危機対策が後手に回ったと批判されている。
10,海外,周庭氏ら香港活動家4人、民主派団体を脱退,https://image.news.livedoor.com/newsimage/stf/d/7/d7fc8_1351_b095c13d_b9e013b8-m.jpg,【AFP＝時事】中国の全国人民代表大会（National People's Congress、全人代、国会に相当）常務委員会が香港国家安全維持法案を可決したことを受け、民主活動家の周庭（アグネス・チョウ、Agnes Chow）氏や黄之鋒（ジョシュア・ウォン、Joshua Wong）氏らは30日、所属していた政治団体「香港衆志（デモシスト、Demosisto）」から脱退すると発表した。法律施行による同団体への取り締まりを避ける狙いとみられる。　脱退を表明したのは周氏、黄氏、羅冠聰（ネイサン・ロー、Nathan Law）氏、ジェフリー・ゴー（Jeffrey Ngo）氏の4人。香港衆志は普通選挙の実施を呼び掛ける運動を行っていたほか、中国当局による人権侵害に対して各国に制裁を求める活動を行っており、中国政府の怒りを買っていた。　4人は全員、今後も個人として活動を続ける意向を示している。黄氏はフェイスブック（Facebook）に「当局が私を黙らせ、この地から排除するまで、私の家である香港を守り続ける」と投稿した。　2014年の民主化デモ「雨傘運動（Umbrella Movement）」のリーダーでもあった黄氏と羅氏は、今年9月の立法会（議会）選挙に出馬している。　立法会の選挙は親中派が過半数を取りやすい仕組みとなっているが、民主派政党は、中国政府の統制に対する市民の怒りの高まりに乗じ、獲得可能な議席のほとんどを手中に収めたいと望んでいる。　香港衆志は香港の独立を主張していないものの、黄氏のような活動家らは、日常的に中国国営メディアから「分離派」と悪者扱いされている。黄氏は自身の抗議活動によって禁錮刑を受けたこともある。　人権団体などは、民主派活動家や団体を弾圧するために国家安全法が恣意的に利用される恐れがあると懸念している。同法の具体的な内容は明らかにされていないが、中国政府は国家転覆や分離を目指す行為、テロ、外国勢力との共謀といった行為を取り締まるとしている。【翻訳編集】AFPBB News■関連記事・トランプ氏「私がいなければ香港は14分で壊滅」・香港民主派と親中派、人気ゲーム「GTAオンライン」で衝突 思想戦に発展・ズーム、会議閉鎖とアカウント停止は「中国の要求に応じた」
11,海外,北欧上空の大気中の放射線量が急上昇か 露の原発が損傷した可能性,null,"ヨーロッパ北部・スカンジナビア半島付近で人工の放射性同位体が発見され、大気中の放射線量が急上昇しているという報告が挙がっています。AP通信は、ロシアにある原子力発電所が損傷した可能性があると報じています。Radioactivity hike seen in northern Europe; source unknown https://apnews.com/16ce7ced2b5b98974e0cc4437b14bf44Mysterious radiation spike detected over Scandinavia | Live Science https://www.livescience.com/spike-in-radioactivity-detected-above-europe.htmlフィンランド・ノルウェー・スウェーデンの放射線および原子力安全監視機関は、スカンジナビア南部や北極圏に流れてきた雲から、人や環境に影響がない程度に少量の放射性同位体を発見したと報告しました。また、包括的核実験禁止条約機関準備委員会(CTBTO)のラッシーナ・ゼルボ事務局長は6月26日にTwitterで「スウェーデン当局の放射線監視センサーが、ヨーロッパ北西部空域でセシウム134・セシウム137・ルテニウム103のわずかな増加を検出した」とあらためて発表しました。22 /23 June 2020, RN #IMS station SEP63 #Sweden???????? detected 3isotopes; Cs-134, Cs-137 & Ru-103 associated w/Nuclear fission @ higher[ ] than usual levels (but not harmful for human health). The possible source region in the 72h preceding detection is shown in orange on the map. pic.twitter.com/ZeGsJa21TN— Lassina Zerbo (@SinaZerbo) June 26, 2020 さらに、オランダの国立公衆衛生環境研究所は、「観測データを分析した結果、放射性同位体がロシア西部からやってきていることが示された」と2020年6月26日に発表。国立公衆衛生環境研究所は、放射性同位体は天然に存在するものではなく人工のものだったことから、原子力発電所の燃料部分が損傷している可能性を示唆しましたが、測定数が限られているため、放射性同位体の発生場所を特定できないと述べました。損傷した可能性があるとみられる原子力発電所として、コラ原子力発電所とレニングラード原子力発電所が挙げられています。特にレニングラード原子力発電所は、1986年に事故を起こしたチェルノブイリ原子力発電所と同型の原子炉が4基設置されており、施設の老朽化が問題となっていました。by Alexey Danichevしかし、ロシアの国営通信社であるイタルタス通信によれば、ロシアの原子力発電事業者であるロスエネルゴアトムは、「コラ原子力発電所とレニングラード原子力発電所は2020年6月に至るまで変化がなく、放射線量の増加には関係ない」と主張しました。北欧地域上空に放射性同位体を含む雲が流れてくるのは今回が初めてではありません。2017年には通常レベルの1000倍にもなるルテニウム106が検出されたことが報じられています。この時もロシアの核再処理施設が原因ではないかと推測されましたが、ロシアは否定しています。なお、スウェーデン放射線安全局は2020年6月23日に、「放射線量の急上昇は何が原因で起こっているかは現時点で確認不可能」と報告し、放射性同位体を含む雲がどこからやってきたかも不明であるとしています。ゼルボ事務局長もTwitterで「発生源の可能性が高い地域を示すことはできますが、正確な発生源を特定することはCTBTOの権限外です」と語りました。These isotopes are most likely from a civil source. We are able to indicate the likely region of the source, but it’s outside the CTBTO’s mandate to identify the exact origin.— Lassina Zerbo (@SinaZerbo) June 26, 2020"
12,IT経済,“巣ごもり消費”で「脱毛器」人気、ヤフーショッピング上半期トップに,https://image.news.livedoor.com/newsimage/stf/b/2/b2fb5_1562_5c23c1c4_d817bb19-m.jpg,　新型コロナウイルスの感染拡大を防ぐため、外出を自粛することが多かった2020年上半期。ネット通販の利用頻度が高くなった機会でもあった。Yahoo!ショッピングでは、19年の年間売上で10位だった脱毛器が1位に上ってくるなど、需要にも変化があったようだ。　Yahoo!ショッピングが発表した20年上半期の売上ランキングによると、1位は「ケノン 脱毛器」だった。外出自粛や休業要請によって、店舗に行くことが難しいからこそ、自身でケアするために購入したとみられる。　2位についたのは、品薄状態が続く家庭用ゲーム機「Nintendo Switch」本体。中古品が新品の取引価格を上回るほど需要が高い商品だ。3位は「ドクターエア 3Dスーパーブレード」で、在宅勤務などによる運動不足解消を目的に購入する人が多かったのかもしれない。　4位には、Appleの完全ワイヤレスイヤホン「Air Pods Pro」。5位には、シャープの空気清浄機が入った。同製品は、19年の年間ランキングで42位。過ごす時間の増えた自宅の空気をキレイに保とうと、注目が集まった。　このほか、外食が減ったためか、時短調理に役立つ圧力鍋やフライパンのセットなどが人気。美容家電やダイエットグッズ、健康器具など、自宅で使うことを想定した商品が上位に入る結果になった。コロナ禍で求められる新しい生活様式に沿った傾向が表れたようだ。（BCN・南雲 亮平）
13,IT経済,Zoom、会議用のバーチャル背景管理など機能強化 - iOS版はApple IDサインインに対応,null,米Zoomは6月29日(現地時間)、PC用クライアントとモバイルアプリの最新バージョンを発表。バーチャル背景機能を強化し、Web会議やウェビナー向けに、管理者がバーチャル背景を追加/ロックできるようにした。またPC用クライアントでは、同じデバイスを複数ユーザーが使っている場合、アップロードされた背景はサインインしているユーザー固有のものになる。Zoomクライアント(macOS用Ver.5.1.1)ZoomのバージョンWindows用：Ver.5.1.1 (28546.0628)macOS用：Ver.5.1.1 (28575.0629)Linux用：Ver.5.1.418436.0628iOS用：未定(アップルの承認が必要なため、App Storeへの表示には数日かかる)Android用：5.1.1 (28573.0629)PC用(Windows、macOS、Linux)クライアントでは、ユーザーがZoomにアップロードしたバーチャル背景は同じデバイス上のユーザー間で共有されず、ユーザー固有のものになるようにした。このため、同じデバイスでサインインする他のユーザーのZoomクライアント設定には、ユーザーがアップロードしたバーチャル背景が表示されなくなる。PC用クライアントとiOSアプリは、会議やウェビナー(オンラインセミナー)向けの新機能として、グループでアカウントを管理している管理者がバーチャル背景を追加したりロックしたりできるようにした。管理者がバーチャル背景の設定をロックした場合、ユーザーは管理者が追加した背景とZoomのデフォルト背景のみ使用でき、ユーザーが独自の背景を追加することはできない。なお、この設定はZoom Ver.5.1.1が必要となる。macOS用クライアントはすべての仮想カメラをサポートし、Zoomで使う前に仮想カメラを承認する必要がなくなった。iOSアプリでは、新たにApple IDを使ったZoomへのサインインをサポート。また、参加者が画面を共有しているときにアクティブな発言者のビューが最新の発言者に更新されない不具合や、設定が無効になっていてもZoomアプリがデバイスのオーディオに接続する不具合を修正している。このほか、すべてのOS向けのチャット機能において、グループ外のユーザーとやりとりするときのプライバシー保護を強化。また、共有ファイルのダウンロードが成功/失敗したときに、プッシュ通知を受信できるようにした。Linux版以外では、新たにイタリア語とベトナム語をサポートする。
14,IT経済,ピーチ航空、94億円の赤字　コロナで需要が大幅減少,null,　格安航空会社（LCC）のピーチ・アビエーション（大阪府田尻町）が30日公表した2020年3月期決算（単体）は、純損益が94億円の赤字だった。新型コロナウイルス感染拡大で今年に入ってから需要が大幅に減少したことが響いた。赤字は2年連続で、赤字幅は11年の会社設立以来最大となった。　ピーチは21年3月期の業績予想を公表していない。直近では国内線の全路線の運航を再開し、利用者が戻りつつあるが、コロナ禍前の水準に回復するのは程遠く、厳しい経営環境が続くのは避けられない見通しだ。　売上高は同じLCCのバニラ・エアとの統合効果で前期比17.6％増の710億円だった。
15,IT経済,韓国がWTOに提訴の日韓貿易紛争 米が日本側主張に沿った意見表明,https://image.news.livedoor.com/newsimage/stf/b/1/b158e_1596_5c19be70_b33b6d96-m.jpg,　【ロンドン時事】日本政府による半導体材料の輸出管理強化をめぐり、韓国が世界貿易機関（ＷＴＯ）に提訴した貿易紛争で、米国は２９日のＷＴＯ会合で日本への支持を鮮明にした。　米国は「日本の措置が安全保障を考慮している限り、この問題のＷＴＯによる裁定は不適切だ」と、日本側の主張に沿った意見を表明した。　韓国は会合で日本の措置を「政治的動機に基づく貿易制限だ」として、一審に当たる紛争処理小委員会（パネル）の設置を求めた。これに対し日本は「軍事転用されないように適切に管理するのが目的」と述べ、設置に反対した。　ＷＴＯのルールでは、関税貿易一般協定（ＧＡＴＴ）２１条で安全保障に関わる輸出管理が例外として認められている。　関係筋によると、米国はＷＴＯとは別の場で問題を解決するよう日韓両国に要請。「それが不可能な場合は、ＷＴＯ事務局長か第三国による調停を模索すべきだ」と訴え、パネル設置に否定的な見解を示した。　今回は日韓がそれぞれの立場を説明するにとどまり、７月２９日の次回会合でパネル設置が再び議論される。パネルは全加盟国・地域が反対しなければ設置されるため、韓国が提訴を取り下げない限りは設置される見通しだ。　
16,IT経済,ブラック企業経験者が転職時に気を付けること「募集内容を細かくチェック」「口コミサイトを利用する」,null,キャリアバンクは6月30日、「ブラック企業から転職する際に、どのような点に気をつけて会社選びを実施したか」についてのアンケート結果を発表した。調査は6月25〜29日に実施し、ブラック企業経験者187人から回答を得た。ブラック企業への転職を避けるためにどのような対策を取ったかを聞くと、1位は「募集内容を細かくチェックする」（31.0％）だった。「企業サイトなどの情報は自社にとって有利なように作成できてしまう」募集内容を細かくチェックすることは約3人に1人が行っているということだが、ブラック企業に在籍していたときに苦痛に感じていたポイントと照らし合わせる人が多いようだ。具体的には、「以前在籍していた会社は、残業代をまともに出してもらえない会社だったので、残業代をきちんと出してくれるという点を特に重視しました。ワークライフバランスや福利厚生などの条件はある程度目をつむることにしました」「ブラック企業に入る前は、自分のやりたい仕事や給料をメインに会社選びを考えていましたが、ブラック企業の経験を経て、仕事内容は二の次でしっかりと休める会社かどうかを重視するようになりました」 といった声が寄せられている。2位は「口コミサイトを利用する」（15.5％）。企業サイトや求人サイトの内容だけでなく、口コミサイトに掲載されている内容もリサーチするようになったという人は、その理由として、「企業のホームページや求人サイトに掲載されている情報は自社にとって有利なように作成できてしまうからです」と語る。企業サイトでは知りえないマイナス面や職場の人間関係などを調べている人が多いようだ。散らかっている職場はブラック企業の可能性が高い？3位は「選考時に質問・確認する」（15.0％）。中には「私は過去の経験から『職場が散らかっている＝片付ける余裕（時間・気力）すらないため、ブラック企業の可能性が高い』と考えています」という持論を持つ人から、「そのため、面接で企業に訪問する際は、職場を見せてもらい、ある程度きれいに整理されているかを確認するようにしています」といった声も挙がっている。4位以降は、「知人に話を聞く・紹介してもらう」（9.6％）、「転職エージェントに相談する」（5.3％）、「ブラック企業が多いとされる業界は避ける」（4.8％）、「同族経営の企業は避ける」（4.3％）と続いた。
17,芸能,竹内結子と中林大樹が高級ベビーカーでお買い物 幸せな新婚姿,https://image.news.livedoor.com/newsimage/stf/7/0/70391_1643_dcd633b97eda1bb822011c8cee72e247-m.jpg,目撃！ハリコミ24都内　17時50分ラフな姿で買い物中の竹内夫妻。ベビーカーは滝川クリステルも愛用するドイツの高級ブランドである　梅雨入り間近の６月上旬夕方、東京アラートも解除され、都内の商店街は活気を取り戻しつつあった。その中で、ひときわオーラが漂う美男美女のカップルがベビーカーを押していた。一般人とは異なる端整な顔立ちは、マスクの上からでも容易に見て取れる。　談笑する仲睦(なかむつ)まじい夫婦は、女優の竹内結子(40)と俳優の中林大樹(35)だ。ベビーカーには、今年１月下旬に生まれたばかりの次男の姿もある。新婚ホヤホヤだけに中林の薬指には結婚指輪がキラリと輝いていた。「同じ事務所に所属する二人は、’09年に公開された竹内の主演映画『ジェネラル・ルージュの凱旋』での共演がきっかけで知り合い、数年前から交際がスタートしました。結婚は前夫との間にもうけた中学生の長男の後押しがあったようで、昨年２月に再婚したばかりです」（大手芸能プロ関係者）　竹内は映画『コンフィデンスマンＪＰプリンセス編』に出演。コロナ禍で公開が延期していたが、いよいよ来月23日に封切りとなった。　公私ともに順風満帆な竹内。この２年で家族も増え、幸せの絶頂期だ。本誌未掲載カット　竹内結子＆中林大樹　新婚ホヤホヤ！　高級ベビーカーでお買い物本誌未掲載カット　竹内結子＆中林大樹　新婚ホヤホヤ！　高級ベビーカーでお買い物PHOTO:山田宏次郎
18,芸能,「ビートたけしが送ったプレゼント」勝俣州和が明かす芸能人の優しい話,https://image.news.livedoor.com/newsimage/stf/2/f/2f61e346f527351242e86f68cd191f28-m.jpg,　6月25日、勝俣州和が自身のYouTubeチャンネルに動画を投稿しました。「優しい人」をテーマに木梨憲武やビートたけしのエピソードなどを語っています。　木梨憲武が和田アキ子のマネージャーの息子の誕生日に企画したサプライズや、ビートたけしがペットをなくして悲しみに暮れていた岸本加世子に送ったプレゼントを明かしました。　余談としてランチパックや侍のちょんまげに隠された「優しさ」についても紹介し、動画の最後には萩本欽一の言葉を引用して「悲しむ人と同じ歩幅で歩くのが優しい人」だと話しました。＜◆時間メモ＞※YouTubeページにジャンプします・アマビエのフィギュアが教えてくれた「優しさ」・和田アキ子から聞いた木梨憲武の優しい話・ランチパックの優しい話・ちょんまげの優しい話・久本雅美から聞いたビートたけしの優しい話・「優しい人」とは                                                                               「勝俣州和」をもっと詳しく                                                                                                                        松本人志は筋トレで変わってしまった？勝俣州和「あんな人じゃなかった」                      ウンナンと仕事したら、とんねるずと共演NG…タブー打ち破った勝俣州和                      勝俣州和の「食べ方のクセ」に驚き 具材を別々に分けて食べる
19,芸能,カズレーザーのデート報道が話題 赤い服を手にとる姿に「芸人の鑑」,null,6月30日に『FLASH』にて報道された、お笑い芸人・カズレーザー（メイプル超合金）のデートの様子が話題となっている。『FLASH』は、＜カズレーザー、美人元棋士と「赤い紅い」デート現場＞と報道。普段から赤い服しか着ない、と公言しているカズレーザー。デート報道でも、足元からマスクまで全身赤ずくめで現れたカズレーザーが撮影されている。そして、デート相手は元女流棋士でタレントとしても活躍する竹俣紅（22）であり、相手の名前まで“赤かった”と煽っている。 さらに、2人でショッピングを楽しんでいるデート中の写真では、全身赤ずくめのカズレーザーが、さらに赤い洋服を手にとって選んでいる1枚も。残念ながら交際はしていないとカズレーザーからコメントしているが、この目立ちすぎるデート報道にSNSでは、・全く隠す気0で凄い・カズレーザーと竹俣紅のデート報道の写真、ただでさえ全身真っ赤なのに更に赤い服買おうとしてるの芸人の鑑すぎて笑う デートじゃなくてロケかコントにしか見えない・一緒にいる女性の名前まで紅なんてキャラ守りすぎ。 ・赤ずくめに赤いマスク、ワインバーへ行って赤い服を見て赤坂へと向かった、そのお相手が竹俣紅さん。 コント通り越して、世にも奇妙な物語の世界観ですよ。と、そのブレなさに驚きの声があがっている。また、「カズレーザーのデート報道、オフの日のシャアみたいで草」「デート中のカズレーザー、シャアの日常やん」と、アニメ「ガンダムシリーズ」の登場人物であるシャア・アズナブルをメインにしたギャグ漫画『シャアの日常』を思い出す人もいるなど、話題となっている。『シャアの日常』「わたしはいったい何者なんだ？」赤い流れ星が落ちた次の日の朝、とあるアパートの一室で目覚めた男は、それまでの記憶を全て失っていた。彼は「シャア」なのか? それとも単なる他人の空似か？ 謎が謎を呼ぶ? シャアの日常ほんわかストーリー。（C）Nanboku 2013 （C）創通・サンライズ※画像は月間ガンダムエースHPより。https://web-ace.jp/gundamace/ComicWalkerにて無料試し読み公開：https://comic-walker.com/contents/detail/KDCW_KS03000002010000_68/関連記事：カズレーザー　鼻フェチ過ぎて「堀田茜の鼻の形の氷でお酒を飲みたい」と願望を明かすhttps://getnews.jp/archives/2189347―― 表現する人、つくる人応援メディア 『ガジェット通信(GetNews)』
20,芸能,イジリー岡田「エロNG」で8年仕事なかった時代 最低月収2万円も,https://image.news.livedoor.com/newsimage/stf/1/0/10c7c_50_379b0cbc_8fd5d61a-m.jpg,　タレントのイジリー岡田が２９日、テレビ朝日系「しくじり先生　俺みたいになるな！」で、イジリー岡田という芸名の由来を明かし、オードリー若林正恭らを驚かせた。　イジリーは芸歴５年目でテレビ東京系の深夜番組「ギルガメッシュＮＩＧＨＴ」に出演し、人気者になった。このイジリー岡田という芸名について、「イジリーってどういう意味かわかる？」と質問。平成ノブシコブシの吉村崇は「エッチ系？のイメージ。違うんですか？」と答えた。　これにイジリーは「違うんです」と否定し「客いじりがうまいっていうことから」イジリーとなったと説明するとスタジオはどよめき。ハライチの澤部佑は「技術から？腕からきた名前？」と驚くと、イジリーは「職人の名前です」と胸を張った。　もともと萩本欽一に憧れて芸能界に入ったが、ギルガメでは「高速ベロ」を武器にエロコーナーを担当するなど本来はやりたくない仕事で人気が出てしまった。その後、イジリーはギルガメ終了後に「エロい仕事はＮＧ」としたところ、約８年「ほぼ仕事無し」という状態に。最低月収は２万円という極貧時代に突入した。　だが０６年に「アメトーーク」でイジリーの代名詞でもある高速ベロを披露する機会があり、そこから再び仕事も上向きに。「自分が捨てようとした芸に助けられた」と振り返り、「一長一舌」（いっちょういったん）という言葉を届けていた。
21,芸能,SMAP時代ののどケアは適当？木村拓哉のジョークに一部ファンは不満も,https://image.news.livedoor.com/newsimage/stf/2/3/2362a_1399_69239042_86da7430-m.jpg,「ＢＧ〜身辺警護人〜」（テレビ朝日系）に主演する木村拓哉（４７）が、元ＳＭＡＰファンをピリつかせている。　キムタクはもっか番宣に大忙しで、２９日放送の「帰れマンデー見っけ隊！！　３時間ＳＰ」（テレ朝）に出演。ドラマで共演している斎藤工や菜々緒らとともに人気コーナー「帰れま１０」に登場した木村は、お笑いコンビ「ミキ」から聞かれる形で、２月に開催したＳＭＡＰ解散後初のソロツアーについて答えた。　解散後はもうライブをするつもりはなく「ちょっと拒否ってた」というが、アーティスト仲間から「もう１回やらないの？」という声が多数届き、受け流せなくなったことで再びステージに立つことになったという。　ソロになったことで、ずっと歌いっぱなしのため「初めてのどのケアをしました」と告白。さらにジョークっぽくではあったのだが「今まで（ＳＭＡＰ時代）はもうなんか、適当」とまで口にしたのだ。　これに納得がいかないのが元ＳＭＡＰファン、特に香取慎吾、草磲剛、稲垣吾郎の「新しい地図」のファンたちだ。「冗談だということは分かるのですが、昔から応援してきた人にとっては決しておもしろい発言ではありません。それでなくても新しい地図のファンたちは、木村のソロライブに複雑な思いを抱えているからです」と芸能関係者。　それは木村がライブで「夜空ノムコウ」などＳＭＡＰ時代の楽曲を披露したからだ。一方、新しい地図はこれまで３人やソロでライブを行っているが、パフォーマンスしたことはない。「
22,芸能,有吉弘行の意外と地味な私生活 自粛生活で自炊にハマる？,https://image.news.livedoor.com/newsimage/stf/f/c/fc46e_1643_bdcdc6c4689ea4b6961cb1301bddce7c-m.jpg,目撃！ハリコミ24都内　17時15分帰宅する途中、コンビニに立ち寄り、買い物を済ませた有吉弘行。忙しい毎日だが、私生活は意外と地味だ　自粛生活の影響で、自炊にハマる芸能人が増えている。お笑い芸人の有吉弘行(46)もその一人。６月中旬の夕方５時過ぎ、彼の姿は都内のとあるコンビニにあった。入店するなり、キャベツの千切り、レモンなどをカゴに入れていく有吉。今夜は、トンカツかフライでも揚げるのだろうか。「自炊にハマっている」とテレビで明かしていながらも、コンビニで一人前の千切りキャベツを調達するあたりに、一人暮らしの侘(わび)しさが感じられる。　有吉といえば、不倫報道ですっかり時の人となってしまった『アンジャッシュ』渡部建(47)のことを、かねてからバラエティ番組でコキ下ろしていた。「もとは有吉のポン酢好きを渡部が揶揄したのがきっかけで、二人の言い合いは
23,スポーツ,日本ハム・上沢が復帰登板で三者連続三振！　ツイッター民は歓喜　,https://image.news.livedoor.com/newsimage/stf/a/1/a121b_1399_5f644f1f_1a575c34-m.jpg,　エースの復帰登板に、多くのファンが沸いた。日本ハムの上沢直之投手（２６）が３０日、本拠地開幕戦となるソフトバンク戦（札幌ドーム）に先発し、初回の栗原、柳田、今宮から三者連続三振を奪う完ぺきな立ち上がりを見せた。　この日の登板は２０１９年６月１８日のＤｅＮＡ戦（横浜）でソトの打球を左ひざに受けて故障して以来、実に３７８日ぶり。久々を感じさせない上々の立ち上がりに、日本ハムファンは大熱狂した。　ツイッターでは「三者連続三振」がトレンド入りし「その笑顔が見たかったんやで」「涙出てきそう」などと歓喜のツイートであふれた。
24,スポーツ,織田信成、膝の手術を受けることを報告「先生方に相談して」,https://image.news.livedoor.com/newsimage/stf/e/e/ee397_273_d9ddf863_42c4791b-m.jpg,プロフィギュアスケーターの織田信成が29日に自身のアメブロを更新。膝の手術を受けることを報告した。この日、「術前検査」というタイトルでブログを更新。「今日は膝の手術を受けるため病院で術前検査に行ってきました」と報告。続けて、手術を受ける理由について「左膝の痛みが取れず自粛期間中も左足を強化するトレーニングを自分なりに積んできましたが良くならず」と明かし「先生方に相談して今週手術する事にしました」と説明した。しかし、「大きな手術ではなく1日で退院できる」と述べ「大きく仕事に影響するものではありませんがしっかり治してまた氷の上に立てるように頑張ります！」と意気込みをつづりブログを締めくくった。この投稿に読者からは「応援しています！」「完全快復を祈っています」「手術成功しますように」「驚きました」などのコメントが多数寄せられている。
25,スポーツ,阪神新助っ人ボーア来日初失策　第１打席で安打、打撃上向きも守備でミス,https://image.news.livedoor.com/newsimage/stf/b/a/ba50f_50_7d610667_bf553222-m.jpg,　「中日−阪神」（３０日、ナゴヤドーム）　阪神の新外国人ジャスティン・ボーア内野手が来日初失策を記録した。　「５番・一塁」に入ったボーアは３試合連続のスタメン出場。二回の第１打席でチーム初安打となる中前打を放つなど、３戦連続の安打をマークする。開幕から１８打席連続無安打で始まった打撃は少しずつ上向きだが、守備でミスが出た。　二回１死走者なしから中日・高橋はボテボテの一塁へのゴロ。余裕を持って捕球にいったボーアだが、ボールはグラブの下を通過。まさかの失策に、ボーア自身も信じられないという表情で立ち尽くした。　今季の阪神野手では初エラー。嫌な流れとなったが、先発・青柳が続く阿部を遊撃併殺に打ち取り、先制は許さなかった。
26,スポーツ,薬丸裕英の次男がブンデスのフロント入り…隼人さん、デュッセルドルフに,https://image.news.livedoor.com/newsimage/stf/b/0/b0c26_60_3f0d93a5_d2038a19-m.jpg,　タレントの薬丸裕英（５４）の次男、薬丸隼人さん（２７）が、サッカー・ドイツ１部のデュッセルドルフのフロント入りすることが３０日、分かった。この日、同クラブが日本語の公式ホームページで発表した。　隼人さんは小学校１年からサッカーをはじめ、ＧＫやＭＦで活躍。横河武蔵野のジュニアユースなどをへて、１８歳でスペイン２部サバデルに加入した。その後はイングランドなどでもプレーしていた。　デュッセルドルフでは日本デスクに就くという。瀬田元吾さん（３９）が今季限りで退職することになり、廣岡太貴さんと共に後任に指名された。デュッセルドルフは日系企業が欧州の拠点にしており、日本人も多い。かつては原口、宇佐美、大前らが所属していた。日本との交流を深める同クラブの重要な役職を任される。デュッセルドルフは今季１７位で終え、来季は２部に降格する。　薬丸隼人さんは３男２女の５人きょうだいで、長男の薬丸翔（２９）は俳優。母は元アイドルの旧姓・石川秀美さん。
27,スポーツ,広島　有観客試合は全席指定席　自由席購入者は払い戻し対応へ,https://image.news.livedoor.com/newsimage/stf/f/b/fb616_50_e8cec424_71600766-m.jpg,　広島は３０日、「２０２０シーズン主催試合の観戦席数についての指針」を発表した。安全な試合開催へ行政と協議を重ねながら、ステップを設けて観戦席数を決定していく。有観客での主催試合は７月１４日からになる。　また、球団は「万が一来場されたお客様が新型コロナウイルスに感染されていた場合に、着席されていた座席を特定し保健所へ連絡するため、また座席確保のための開門待ちの際にできる行列での密集・密接を避けるため」に全席指定席とすることを決定した。　それに伴い、８月１８日（火）ＤｅＮＡ戦〜１０月１１（日）ヤクルト戦２２試合の自由席購入者を対象に、払戻手続きを行う。７月１日（水）からマツダスタジアム払戻し窓口、ご購入店舗、球団へのご返送にて受け付ける。観戦席数のステップは、以下の通り。　ステップ１・無観客　７月３日（金）阪神戦〜７月９日（木）ＤｅＮＡ戦の６試合。　ステップ２・年間指定席のみ５０００席。７月１４日（火）巨人戦〜７月３０日（木）中日戦の９試合で実施。　※年間指定席購入者のみ観戦可能。上限５０００席のため、年間指定席購入者をグループ分けして案内。密接を防ぐため、前後左右の座席を空ける。　ステップ３・１万６５００席（政府のイベント開催制限目安による定員の５０％）　８月７日（金）阪神戦〜　年間指定席に加えて一般入場券を発売し、最大約１万６５００席となる。観客同士の密接を防ぐため、前後左右の座席を空ける。グループ席、団体席については利用人数を制限して発売予定。　ステップ４・２万９０００席　前後左右空けていた座席を、通常通りに戻し、内野自由席エリアを指定席として発売。ステップ２、３で前後左右の席を空ける必要のある試合開催では、日程変更のない試合でも販売済の入場券払戻しを実施。ステップ４の２万９０００席での開催時は、内野自由席のみ払戻を行う。ステップ３からステップ４への移行は日程が決まり次第、発表。　また、新たな入場券の販売は状況を見ながら時期を検討し、試合を区切りながら球団ＨＰにて行う予定。入場券の購入、来場前には「広島東洋カープ主催試合ご観戦の際の感染症対策とお客様へのお願い」を確認するよう呼びかけた。
28,スポーツ,イチロー氏「夢が見つかっていないのは、実は良い状態」 悩む小学生に助言,null,"昨年3月に現役を引退したイチロー氏が、SMBC日興証券のWEB動画「おしえて！イチロー先生」で、ある小学生の悩み相談に応じた。WEB動画「おしえて！イチロー先生」で教壇に立つイチロー氏YouTubeで1,000万再生を突破するなど、大好評だったWEB動画企画の第2弾。今回は、イチロー氏が憧れていたという「先生」になり、子どもから大人までの様々な質問に答えた。その中で、ある小学生が、「中学受験に挑戦しようと思っていますが、将来の夢を決めていないまま進路を決めてしまっていいのでしょうか?」と悩みを打ち明けると、イチロー氏は「僕の場合は野球選手になるという、最終目標ではないけれども1つ大きな夢があって、それに向けて進んでいくことができたので、確かに迷うことはなかった」と自身に置き換えた。一方で、「僕は野球選手の中ではすごく細くて、『そんな細い体でできないよ』ってみんなに言われたのね」と周囲には否定的な意見も多かったことに触れ、「中途半端に勉強ができたので、先生たちは野球じゃなくて勉強の方で進んでほしいと。だけど、自分の意志をそこは貫いて、僕は勉強を完全にそこで捨てました」とターニングポイントを振り返った。その上で、「自分の夢がまだ見えていない時というのは、どこかで一生懸命取り組んでいれば、そうすると見えてくるんじゃないかって。今、迷っている状態とか見つかっていない状態というのは、実は良い状態なんじゃないかなって、今、聞いてみて思う」と前向きに捉えたイチロー氏。「一生懸命生きていると、それが見えてくると思う」と小学生に優しく語りかけ、「いろいろな体験をすることでしか見えてこない気がする」とアドバイスしていた。SMBC日興証券の公式YouTubeチャンネルでは、計27本の「おしえて！イチロー先生」をアップ。イチロー氏の名言の数々が、第1弾に続いて話題を呼んでいる。"
29,映画,有名俳優と遭遇してテンパり頭が真っ白になるエル・ファニングがかわいい！『レイニーデイ・イン・ニューヨーク』本編映像,null,"7月3日（金）公開の映画『レイニーデイ・イン・ニューヨーク』より、有名俳優と遭遇してテンパり頭が真っ白になるエル・ファニングの姿を捉えた本編映像が解禁となった。Photography by Jessica Miglio ©︎2019 Gravier Productions, Inc.脚本家のテッド・ダヴィドフ（ジュード・ロウ）と別れ、失踪した映画監督のローランド・ポラード（リーヴ・シュレイバー）を探しに撮影スタジオにたどり着いたアシュレー（エル・ファニング）。そこで偶然出会ったのは、人気俳優でプレイボーイとしても名高いフランシスコ・ヴェガ（ディエゴ・ルナ）。解禁された映像では、アシュレーが目を丸くして「ウソ…フランシスコ・ヴェガね」と驚くシーンから始まる。興奮して顔を蒸気させながら「私のルームメイトは鼻血を出すわ」と続けて、「こんなこと…フランシスコ・ヴェガなのね」と本人と話していることにまだ信じられない様子で舞い上がっている姿が。アシュレーを一旦落ち着かせようと、ヴェガは「肝心なのは君は誰かだ」と問いかけると、高ぶった気持ちのまま「私は…頭が真っ白で出てこない」と自分の名前すら忘れてしまうほど。終始アシュレーのテンパっている様子が可愛らしいシーンだ。本作では、登場人物たちが自分のアイデンティティに悩む姿が描かれる。ギャツビー（ティモシー・シャラメ）はまだ自分が何者かを見出せず悩み、脚本家のダヴィドフは、常に監督であるポラードの影に隠れ、ポラードはかつての芸術家としての自分を見失ってしまい、ヴェガはいつも似たような役をあてがわれることに苦悩している。ウディ・アレン監督は「登場人物たちは、外面ではなく内面の自分を見てもらうことを求めている。これは誰にでも言えることだ。恋した相手には自分を見てほしい。もちろん視覚的にではなく、相手の人生において印象に残る存在になりたいんだ」と語る。解禁された映像のアシュレーの困惑ぶりは、可愛らしくも、まさにアイデンティティに悩まされるキャラクターの姿を絶妙に表現している。映画『レイニーデイ・イン・ニューヨーク』は7月3日（金）より全国公開(C)2019 Gravier Productions, Inc.映画ランドNEWS - 映画を観に行くなら映画ランド"
30,映画,「鬼滅の刃」人気3人組「おっきいまめめいと」受注生産ヌイグルミで新発売！,https://image.news.livedoor.com/newsimage/stf/2/c/2cf5b_248_8b02279d035d9bbf9448a2e7aebce199-m.jpg,ムービック社が展開するヌイグルミブランド「まめめいと」より、人気漫画「鬼滅の刃」の主要キャラクター3人をモチーフにした「おっきいまめめいと」が、受注生産で新発売されることがわかった。・『鬼滅の刃』が歯ブラシに！ 13種類のラインナップで発売 「鬼滅の刃」は、「週刊少年ジャンプ」に連載された吾峠呼世晴による大人気漫画。人と鬼との間で展開される戦いや、切ない関係を描く。5月に人気絶頂で最終回を迎え、7月3日発売の第21巻初版は300万部以上を記録。シリーズ累計発行部数は8000万部を超え、2020年10月には、TV放送されたアニメ版続編の劇場公開も控える。新型コロナウイルスが感染拡大した3月以降の動画配信サービスの人気コンテンツランキングでは（GEM Partners株式会社調べ）、アニメのTV放送シリーズが堂々の首位。「Amazonプライム・ビデオ」「Hulu」「U-NEXT」「dアニメストア」「ABEMAプレミアム」の5サービスで首位を獲得している。今回、ムービック社はそんな同作の人気キャラクターである竈門炭治郎、我妻善逸、嘴平伊之助とコラボレーション。「おっきいまめめいと」として、サイズが約35センチのヌイグルミを3種展開する。価格は各5830円（税込）。発売日は10月9日頃を予定しており、受注期間は6月29日から7月29日までの1ヵ月間。全国のアニメイト、アニメイトオンラインショップ、ムービック通信販売にて予約を受け付ける（https://www.movic.jp/shop/r/r100747）。「鬼滅の刃」にまつわるコラボ商品は、これまでにも歯ブラシやガチャ、お菓子など多数展開されており、いずれも人気を博している。「おっきいまめめいと」シリーズもファンの注目を集めそうだ。　【関連記事】［動画］ずぶ濡れソニックがまさかのもふもふキュートに♡映画『ソニック・ザ・ムービー』本編映像【週末シネマ】『鬼滅の刃』ガチャ行列もできた爆人気の理由とは？／#うちで過ごそう［動画］あの伝説的作品がIMAX＆4Dで緊急公開！映画『ダークナイト』予告編「鬼滅ロス」はお菓子でリカバリー！ 禰豆子の竹パン、鬼滅ベビースターなど次々
31,映画,タイガー・ウッズの伝記書籍がドラマ化！,https://image.news.livedoor.com/newsimage/stf/9/1/9106e_983_9f0ec5bc_a307a919-m.jpg,ゴルフをしない人でも一度はその名を耳にしたことがあるタイガー・ウッズ。アメリカ出身のプロゴルファーで、現在もなお活躍し続けている彼の伝記がドラマシリーズとして製作されることが明らかになった。米Deadlineが報じている。タイトル未定のこの新作は、2018年に出版されたジェフ・ベネディクトとアルメン・ケティアンによって書かれた「Tiger Woods（原題）」という伝記を元にしている。同作はニューヨーク・タイムズのベストセラーにも選ばれた作品で、他のプロゴルファーやタイガーの長年のカイロプラクターであるマークリンゼイを含め、そのインタビューの数は250にも及ぶ。幼少期から天才児として圧倒的な強さを誇ったタイガー。2008年の全米オープンではトリプルグランドスラムという快挙を成し遂げる。だが、2009年に大々的に報道された自動車事故と不倫スキャンダル、左膝痛の再発も重なり低迷。書籍では激動の私生活、キャリア、そしてゴルフ人生での復活を果たすまでのストーリーが描かれている。ドラマの脚本を担当するのは、『アメリカン・ゴッズ』や『マーベル　ランナウェイズ』のプロデューサーとして知られるロドニー・バーンズ。このプロジェクトには、大ヒット大河ドラマ『ゲーム・オブ・スローンズ』やサスペンスドラマ『サバイバー：宿命の大統領』などを手がけるスタジオ、エンターテイメント360と『クィア・アイ』や『Real Housewives（原題）』シリーズなどのリアリティー番組を主に手がけるスポーク・スタジオが共同で進める。原作者のベネディクとケティアンの二人も製作総指揮に名を連ねる。このドラマ版でタイガーを演じるキャスト情報などは現時点では明らかになっていない。続報が入り次第、お伝えしていきたい。（海外ドラマNAVI）  Photo:タイガー・ウッズ (c)Hubert Boesl/FAMOUS
32,映画,映画館、座席数制限で厳しい経営…流れに従い「最大限の努力を」,https://image.news.livedoor.com/newsimage/stf/9/c/9c6f2_97_59b318a0_7b20677d-m.jpg,　30日、「映画館に行こう！」キャンペーン2020の発足記者会見が都内で行われ、アンバサダーを務める俳優の役所広司、実行委員顧問の岡田裕介、キャンペーン委員長の松岡宏泰が出席。日本映画製作者連盟会長でもある岡田は、映画館の座席が満席の約50パーセント以下でしか稼働できない現状について見解を述べた。　先日、全国興行生活衛生同業組合連合会（通称:全興連）が提示した「映画館における新型コロナウイルス感染拡大予防ガイドライン」によると、映画館では現在、十分な座席間隔を確保するため、前後左右を開けた座席数での営業となっている。この状況について、報道陣から「経営的に厳しいのでは？」と質問が飛ぶと、岡田は「きついです」と率直に回答した。　続けて「でも、世の中の流れに従ってやる。今はまだ新作映画の公開が少ないですが、7月半ばぐらいから東宝さんの作品も公開され、8月になればそろってくる。そのころから本格的に元に戻せればいいのだが」と希望を述べる岡田氏。松岡も「映画館を運営している皆さん、配給チーム、制作サイドもみな、100パーセントの座席数で営業をしたいという思いはあります。でも自分たちだけで決めることはできません。専門家の先生の話を聞きながら、進めていきたい」と語る。　しかし現在、東京を含め、新型コロナウイルスの感染者数は再び徐々に増えてきている。「しっかり（感染の）推移は見守っていかなければいけない。幸い映画館でクラスターは起きていませんが、今後もそうならないように、最大限の努力をしていきたい」と慎重な意見も述べる岡田。松岡も「いまは映画館全体で物事を考えようという意見になっている。新型コロナウイルスは、何が起こるか全くわからない。現時点でなかなかスパッと決められないことが難しい」と頭を悩ませているようだ。　こうした状況下、映画館での上映ではなく配信への移行を余儀なくされた作品もいくつか見受けられた。松岡は「緊急事態宣言で映画館が休業しているなか、作り手としてはいち早く鑑賞していただきたいという思いがあり、配信という形になった作品もあると思います。でも、95パーセント以上の作品が“延期”という形をとりました。まだ映画館で上映することに価値があると思っている関係者が多いということだと思う」とする一方で「映画館上映の後で、配信にお世話になるという関係性はあるので、敵という感覚は全くないです」と述べていた。　「映画館に行こう！」キャンペーンは、本日から2020年8月31日までの約2か月間、「映画館は安全で、安心で、楽しい場所である」ことをあらゆる映画人が発信していくプロジェクト。（磯部正和）
33,映画,『ヘアスプレー』女優が同性愛者とカミングアウト,https://image.news.livedoor.com/newsimage/stf/6/8/68608_97_7ecc20e1_1cad3dbc-m.jpg,　映画『ヘアスプレー』（2007）で主人公トレーシーを演じた女優ニッキー・ブロンスキー（31）が28日、同性愛者であることをSNSで明かした。　6月は世界でLGBTに関するイベントが行われるプライド月間で、ニッキーはショート動画投稿アプリ・TikTokに、ダイアナ・ロスが歌う「アイム・カミング・アウト」の「I'm coming out. I want the world to know. Got to let it show」（日本語訳：カミングアウトするわ。世界に知らせたいの。見せてやらなきゃ）という歌詞に合わせて踊る動画をアップ。「わたしはゲイ（同性愛者）なの！」とコメントを添えて、カミングアウトした。　ニッキーは『ヘアスプレー』でジョン・トラヴォルタ、ザック・エフロンらと共演し、第65回ゴールデン・グローブ賞女優賞（コメディー／ミュージカル）にノミネート。その後、ドラマ「アグリー・ベティ」シーズン3や「SMASH」シーズン2にゲスト出演したほか、昨年9月に日本で公開された『ラスト・ムービースター』（2017）にも出演していた。（編集部・中山雄一朗）
34,映画,ノーマン・リーダスが日本周遊！『ライド with ノーマン・リーダス』シーズン4が日本独占配信,https://image.news.livedoor.com/newsimage/stf/0/9/09079_983_fb37bd5a_17f900ff-m.jpg,"大ヒットドラマ『ウォーキング・デッド』のダリル役で知られるノーマン・リーダスが仲間とともにツーリングで世界各地を巡る人気の旅番組『ライド with ノーマン・リーダス』シーズン4が、Huluにて8月18日（火）から日本独占配信となる。このシーズンはなんと日本にもやってきている。また、『ウォーキング・デッド』シーズン9の吹替版も配信される。無類のバイク好きとして知られるノーマンが、仲間とともに世界各国を訪れ、各地の絶景やその土地に根づく文化や歴史を紹介する『ライド with ノーマン・リーダス』シーズン4の舞台はアメリカ、コスタリカ、ウルグアイ、そして日本。かつて日本に住んでいたこともあるノーマンは、第2話、第3話で関東と関西をそれぞれ巡り、様々な日本文化を体験。ゲームデザイナーの小島秀夫や、デザイナーやラジオDJ、俳優などマルチに活躍する野村訓市といった彼と親交の深い日本の著名人も登場。また第1話では、『ウォーキング・デッド』でダリルの兄メルルを演じたマイケル・ルーカーとの""兄弟""再共演が実現！　二人で同作制作の本拠地であるジョージア州セノイアを目指し、ラストには感動のサプライズが待ち受けている。その他にも『ウォーキング・デッド』のベータ役ライアン・ハースト、『THIS IS US／ディス・イズ・アス』のマイロ・ヴィンティミリアなどが姿を見せる。  Huluではさらに、『ウォーキング・デッド』シーズン9の吹替版を8月7日（金）から独占配信。字幕版はシーズン1〜10を配信中（未完成のシーズン10最終話は除く）。配信情報・Huluプレミア『ライド with ノーマン・リーダス』シーズン4（字幕版）...8月18日（火）から独占配信。以降、毎週火曜日に一話ずつ追加予定（全6話）・『ウォーキング・デッド』シーズン9（吹替版）...8月7日（金）から全話独占配信（海外ドラマNAVI）  Photo:『ライド with ノーマン・リーダス』シーズン4© 2020 AMC Film Holdings LLC. All rights reserved.『ウォーキング・デッド』シーズン9© 2018-2019 AMC Film Holdings LLC. All rights reserved."
35,グルメ,サブウェイ「タンドリーサラダチキン」発売、肉量1.5倍の「得盛・タンドリーチキン」も,null,サブウェイ「タンドリーサラダチキン」日本サブウェイ合同会社が展開するサンドイッチ・チェーン「サブウェイ」は7月1日から、「タンドリーサラダチキン」を全国のサブウェイ店舗(一部除く)で発売する。期間限定で、8月25日までの販売を予定している。食欲不振による夏バテや体型が気になり始める季節に向け、食欲増進効果もあるスパイスが効いた新作サンドを発売する。「タンドリーサラダチキン」(税別450円)は、10種類以上のスパイスとヨーグルトをじっくりと染み込ませた鶏モモ肉を、直火でジューシーに焼き上げた暑い夏でも食欲をそそるサンドイッチ。おすすめのソースは、期間限定の「ピリ辛チポトレソース」と定番の「コク旨マヨソース」の2種類で、好みの辛さに合わせて選べる。「ピリ辛チポトレソース」は、タンドリーチキンのスパイスとソースのスモーキーなハーモニーが生み出す辛みが特徴で、ピリッとしたスパイス好きの人に、「コク旨マヨソース」は辛さを少し抑えつつタンドリーチキンのスパイスの香りを楽しみたい人におススメだという。肉の量が1.5倍の「得盛」も登場する。「得盛・タンドリーチキン」 (税別540円)は、ジューシーなタンドリーチキンを3個サンドした食べ応え抜群の商品。サブウェイ「得盛・タンドリーチキン」
36,グルメ,1杯1600円のラーメン、その実力は？ 1時間並んで食べてみた,https://image.news.livedoor.com/newsimage/stf/c/1/c18c0_963_6d291e39_58d81acf-m.jpg,　今では完全にブームから文化になっているラーメン。近年「安い」といえないような価格のメニューも珍しくない。　しかし、消費者はラーメンに1000円以上は出さない「1000円の壁」といった言葉も度々語られている。そんな中、それをゆうに超える1600円という高値をつけたラーメン屋がある。本当にその価値はあるのか？　実際に食べに行った。◆1000円オーバーなのに…1時間の行列 　秋葉原駅から徒歩1分の高架下に店を構える「麺処ほん田　秋葉原総本店」。開店する11:30にはすでに30人あまりの行列ができていた。 　筆者も約1時間の行列の末に入店。店内はカウンター5席にテーブルが4卓（12席）とこじんまりした作り。注文したのは看板メニューのひとつである「特製醤油」で、1500円。しかも、麺類はもっとも安いもので1100円。この価格設定、強気を超えて無謀とさえ感じられる。　ただし、そのイメージはラーメンが提供された瞬間に覆される。香ばしい醤油の香りのなかに浮かぶ、あらゆる肉。同店のウリの1つはチャーシューの美味しさで、皮付きの鶏モモと豚肩ロース、豚ロースの3種類が入っている。鶏モモはグリルチキンのようなジューシーさでプリップリ、さっぱりめだが存在感のある肩ロース、柔らかく溶けるようなロースが、一杯のラーメンに全て入っている。　スープも動物系に魚介系を合わせた出汁を使っているとのことだったが、これらのチャーシューの旨味がスープに行き渡り、動物系の印象を強めている。ブームによって裾野を広げたラーメン業界では、一般人気のために甘味や酸味を押し出しているところが多いが、こちらのスープはそれが抑えられ塩気を中心としたソリッドな印象で、迎合しない哲学まで感じられるようでさえある。　そして麺は仕入れたものではなく、自家製麺。店内に製麺室があり、そこでつくられたこだわりの麺が使われている。細麺でつやがあり、ツルツル感が強いので、思い切りすすると食感の良さと醤油の風味が口に広がる。◆1600円のつけ麺。その実力は？　もうひとつの看板メニュー「特製塩つけ」は、さらに高値の1600円。まず、麺とスープより先に藻塩とすだちが小皿に乗せられやってきた。つけ麺であるにもかかわらず、まずは麺をこの塩と酢橘だけで食べて欲しいという。自家製麺に絶対的な自信が垣間見える。　やってきたつけ麺は、さきほどのラーメンよりやや太めではあるが、一般的なものよりは細いもの。ご指定の通り、塩を振って食べてみると、これが鮮烈だった。ツルツルの食感で小麦の香りが強く、塩だけで十分に料理として成立している。そこに酢橘を加えて二口目にすすむと、柑橘系の爽やかさが広がりこれだけで麺を完食できてしまいそうだ。それをなんとか堪え、つけ汁でいただく。 　こちらにもラーメン同様に、鶏モモ・豚肩ロース・豚ロースのチャーシューが、麺をつける隙間のないほどにひしめき合って入っている。その肉の旨味と出汁とやや強めの塩味でパンチがあるが、それに負けない麺の美味しさがさらに引き立つ。食べ終わりの頃になると、つけ麺ではおなじみの「スープ割り」ようのスープが提供され、それをつけ汁に入れてスープを味わう。今度は煮干しだろうか、魚介系の印象が前面に押し出された新たな風味に変わっていて驚く。　どちらの一杯も大変美味しかった。あくまで筆者の個人的な感覚だが、両方とも塩気がやや強いように思う。空腹時の一口目はそれが喜びになるが、濃い味のすきな筆者でさえ後半は若干、疲れのようなものを感じた。　とはいえ、チャーシューの美味しさと量、芯の通ったスープの旨味、店内でつくられる麺の心地よい口当たりは、1500〜1600円でも高くないと思える。週末だったからか、店内には家族連れもいた。もしかすると、麺処ほん田は「ちょっと豪華なものを食べに行こう」という時にステーキや寿司などと並んで候補にあがるような、ラーメンの枠を超えた存在になっているのかもしれない。＜取材・文／Mr.tsubaking＞【Mr.tsubaking】Boogie the マッハモータースのドラマーとして、NHK「大！天才てれびくん」の主題歌を担当し、サエキけんぞうや野宮真貴らのバックバンドも務める。またBS朝日「世界の名画」をはじめ、放送作家としても活動し、Webサイト「世界の美術館」での美術コラムやニュースサイト「TABLO」での珍スポット連載を執筆。そのほか、旅行会社などで仏像解説も。
37,グルメ,進化するふりかけ　“麻婆味”や1万円のウニふりかけもある,https://image.news.livedoor.com/newsimage/stf/2/7/27044_759_14773987_9eac5e85-m.jpg,　ご飯を主食とする日本ならではの加工食品「ふりかけ」。自粛期間中は特にお世話になった家庭も多いのでは？　実際、今年3〜4月のふりかけ全体の売り上げは、概ね前年よりも上がったという。どんな味でも再現できるのでは！？　と思うほど進化するふりかけで、梅雨時の食欲不振を打破しよう。【写真】1万円の”ウニふりかけ”などユニークふりかけが勢ぞろい！『パパッとふりかけコーンポタージュ』130円／20g／はごろもフーズ子供に人気のコーンポタージュを再現。ほんのり甘くてクリーミーな味わいに、つぶつぶコーンも入って本格的。『すきやきニューパック』110円／40g／丸美屋まだ再現ふりかけという概念がなかった頃に発売され、いまでも人気のすきやき風味。すきやき特有の甘辛い味が忘れられないリピーターが多いよう。『パパッとふりかけ四川麻婆』130円／20g／はごろもフーズしびれる刺激の花椒と豆板醤が入った本格派。あとからくる辛さが、辛み好きにはたまらない味。『世界のふりかけ』左上から時計回りにマハラジャ・トムヤムクン・グリーンカレー各220円／16g、チキンカレー220円／24g、焼肉カルビ240円／16g、ベーコンエッグ220円／16g、オリーブ&アンチョビ400円／14g、ホットサルサ220円／16g、中華風搾菜220円／20g、四川風麻婆豆腐220円／16g、イタリアントマト220円／20g ※全て各2パック入り／新橋玉木屋　すべてしっとりタイプ。ご飯だけでなくパンやパスタにも合う。『タレふりかけ〈えび天丼味〉』『タレふりかけ〈うな丼味〉』各120円／27g・27.6g／丸美屋特製の液体たれと具材が別包装になっている新感覚のふりかけ。たれの濃さが満足感を誘う。◆高級ふりかけ『口どけ』1万円／30g×2缶／小林食品30年以上の経験を持つ鰹節専門の加工メーカーが作るふりかけ。極薄0.01mmの鰹節はまさに口に入れた途端にとろける。すべて手作業のなせる技が凝縮している。公式オンラインショップ「思わず舌鼓」より購入可能。『粉うに竹筒入』1万円／40g／天たつ日本最古の雲丹商として、200年以上前から汐うに（越前雲丹）を扱う福井「天たつ」が作っているのは、うにのふりかけ。原料は汐うにと塩のみ。少量をご飯にかけただけで、素材の味が口の中に広がる。天たつの公式ホームページより購入可能。取り扱い店舗もここから確認できる。■撮影／田中麻衣※女性セブン2020年7月9日号
38,グルメ,ファミチキ「ガーリック味」を発売! パンチの効いたBIGサイズ,null,ファミリーマートは6月30日より、「ファミチキ(ガーリック味)」(230円)の販売を開始する。ファミマ「ファミチキ(ガーリック味)」6月30日発売ファミリーマートでは、看板商品であるフライドチキン「ファミチキ(骨なし)」の累計販売数が15億個を突破。同社はこれを記念し、「ファミチキ(ガーリック味)」を発売する。「ファミチキ(ガーリック味)」は、通常のファミチキより一回り大きなサイズ。ニンニクをたっぷり使用し、パンチの効いた背徳感あふれる味付けに仕上げたという。※価格は全て税込※沖縄県のみ7月14日より発売
39,グルメ,「鬼滅の刃」コラボお好み焼きがカラフルすぎ! 限定グッズも充実♪,https://image.news.livedoor.com/newsimage/stf/8/5/85765_1332_bac76148_19da3084-m.jpg,"「お好み焼 道とん堀」にて、7月1日（水）から人気TVアニメ「鬼滅の刃」とコラボレーションしたキャンペーンが実施されます。限定グッズも必見！鬼滅の刃コラボラインナップ【写真】今回のキャンペーンでは、キャラクターをイメージしたコラボメニューを6種展開。カラフルなビジュアルがインパクト大の仕上がりとなっています。コラボお好み焼きを1品ご注文ごとに、道とん堀コラボ描き起こしイラストを使用した限定デザインのA4サイズのクリアファイルが1枚もらえます。また店頭では限定グッズが数量限定で販売します。「お好み焼 道とん堀」×「鬼滅の刃」コラボメニュー販売価格：各1,200円（税抜き）■竈門炭治郎の”炭火焼チキン風葱玉”炭火焼風鶏肉たっぷり、柚子胡椒が効いた和風お好み焼き。■竈門襧豆子の”爆血 明太マヨ玉”仕上げの明太子マヨと特製爆血ソースがピリ辛マイルドなお好み焼き。※辛くないソースの提供も可能です■我妻善逸の”霹靂一閃 明石風玉”出汁で食べる、山椒が効いた、明石焼き風ふわふわお好み焼き。■嘴平伊之助の”猪突猛進 スタミナ玉”豚肉たっぷり、にんにくが効いた、ピリ辛スタミナ系お好み焼き。■冨岡義勇の”凪 海鮮玉”特製の凪マヨネーズを仕上げにかける、海鮮たっぷりなお好み焼き。■胡蝶しのぶの”蝶ノ舞 戯れパンケーキ”やさしさたっぷりのクリームチーズ入りのふわふわパンケーキ。これらのコラボメニュー1品ご注ごとに、限定デザインのA4サイズのクリアファイル1枚がもらえます！※全6種からのランダム形式でのプレゼントになります （絵柄は選べません）※中身が見えない袋に入っています※袋にはいずれかのデザインのクリアファイルが1枚入っています※なくなり次第終了となります※店舗への在庫数量のお問い合わせはお控えください7月1日（水）発売 ビッグ缶バッジ 全6種※サイズ：約Φ100mm※商品は中身が見えない袋に入っています※袋にはいずれかのデザインの商品が一つ入っています※単品販売では全6種からのランダム形式での販売です※店頭で注文での販売となります※なくなり次第終了となります※店舗への在庫数量のお問い合わせはお控えいただきますようお願いします7月20日（月）発売 アクリルスタンド※サイズ：約64×85mm※商品は中身が見えない袋に入っています※袋にはいずれかのデザインの商品が一つ入っています※単品販売では全6種からのランダム形式での販売です※店頭で注文での販売となります※なくなり次第終了となります※店舗への在庫数量のお問い合わせはお控えいただきますようお願いします＜キャンペーン概要＞【開催期間】2020年7月1日（水）〜8月31日（月）【開催店舗】全国の道とん堀 （海外店舗を除く）©吾峠呼世晴/集英社・アニプレックス・ufotable"
40,グルメ,激ウマ時短料理ここにアリ！カルディで買える“混ぜるだけ”の絶品アイテム3選,null,話題騒然！手軽に作れる「混ぜるだけパエリア　魚介サフラン」TVや雑誌でも紹介されている「混ぜるだけパエリア　魚介サフラン」298円（税込）。2合のご飯に混ぜるだけで本格的なパエリアができあがります。エクストラバージンオイルを大さじ2杯追加すると、香りが増しておいしさがグレードアップ！アサリやイカ、パプリカ、トマト、玉ねぎが入っていますが、ちょっとアレンジを加えると見た目も華やかで、さらにおいしくなりますよ。薄味なのでトッピングを選びません。茹でたシーフードミックスを混ぜるとちょっと豪華なパーティメニューに。おいしく作るコツはお水の量を少しだけ控えめにしてかために炊くこと！お米がアルデンテ状態の本場のパエリアにさらに近づきます。冷たい白ワインと一緒にどうぞ！ごま油が香る本格派！「混ぜるだけ中華おこわ」中華おこわは好きだけど蒸篭（せいろ）もないし、作るのは大変…という人におすすめなのが「混ぜるだけ中華おこわ」298円（税込）。炊飯器で炊いた2合分のご飯に混ぜて10分保温するだけで、ごま油が香る本格中華おこわができちゃいます。豚肉やきくらげ、椎茸、タケノコと具材も入っているのもうれしい。そのまま食べてもおいしいですが、レトルトの角煮やゆで卵を添えると豪華なディナーの一皿に。2合は食べきれない…という人は、おにぎりにするのはいかがでしょうか。おにぎりにするとお米のもちもち感が増して、おいしさがアップするんです！おにぎりは冷蔵庫や冷凍庫で保存して、朝ご飯やお昼のお弁当に。カップスープを添えたら、おにぎりだけでオフィスのランチになりますよ。ピリッとした辛さが夏にぴったり！「亜細亜風青唐辛子ごはんのたれ」店頭で見かけても、「青唐辛子」のインパクトから買う勇気がなかったという人も多そうな、カルディオリジナル商品の「亜細亜風青唐辛子ごはんのたれ」177円（税込）。青唐辛子とナンプラーがベースとなり、ニンニクとお醤油であじつけしたタレは、ご飯に混ぜるとアジアンテイストの混ぜご飯に。1人用の小袋が2つ入っているので、1食だけ作りたいというときにとっても便利。パックのご飯でも簡単に作れちゃいます。ご飯に混ぜているときは、青唐辛子の香りがたっぷり香るので不安になります。でも、いざ食べてみると辛さはそれほどでもなく絶妙。レモンの酸味がとってもさわやかでペロリと食べられます。パッケージを真似してフライドエッグを添えると、簡単なのに見た目も豪華に。チキンをのせてスイートチリソースをかけると、なんちゃってシンガポールチキンライスになりますよ。ご飯には特に具材が入っていないのでフライドオニオンをトッピングすると、食感もアップ！手軽にエスニック気分を味わいたいときにはおすすめです。どれもご飯に混ぜるだけで、あっという間においしいご飯が完成します。夏場に台所に立ちたくないときや、疲れているときのお役立ちアイテムです。自宅にストックしておきたいですね。※紹介した商品は、取り扱いのない店舗や、予告なしに販売が終了・売り切れることもあります。Text＆Photo：さとちん●掲載の内容は取材時点の情報に基づきます。変更される場合がありますので、ご利⽤の際は事前にご確認ください。まだある関連記事はこちら！●お米ラバーは必訪！「つばめさぼう」の炊きたて0分ご飯がツヤツヤ！●ディープな台湾の夜を過ごそう！ローカル気分の安ウマ台湾式居酒屋“熱炒”3選●クセになる…！「カルディ」で買える“ピリッと辛い”本格タイグルメ3選
41,女子,矢田亜希子のおウチコーデが可愛いと話題！変わらない姿に「いつ老けるの？」「玉手箱しかそんなの無理」の声,null,【詳細】他の写真はこちら9日放送のバラエティ番組「ザ！世界仰天ニュース」に出演した女優の矢田亜希子さん。高校生時代は「1日6食とか食べてたんですよ。」と暴露し、スタジオを沸かせるシーンも。また自身のインスタにはデビュー作のドラマ「愛していると言ってくれ」の再放送を受けて「当時高校1年生(それから春休みに入り高2に)だった私は学校から赤坂やロケ場所やスタジオに1人で駆け回っていたことを思い出しました。」と当時の想いを綴っていました。ドラマを観た視聴者からは「めちゃくちゃ美少女！」「ずっと変わらず可愛いです！」との反響を呼んでいました。そこで今回はずっと可愛い矢田さんの自粛生活中のおウチショットに注目してみることに！ デニムコーデは大人のカッコよさこの投稿をInstagramで見る矢田亜希子(Akiko Yada)(@akiko_yada)がシェアした投稿 - 2020年 4月月29日午後11時17分PDT「今日のお家でスタイル撮ってみた」とのインスタには「＃お家スタイル」「＃今日部屋着」とも添え、おウチの中でのコーデを紹介。GAPの白のTシャツにCELINEのデニムを合わせ、ハイブランドを上手に取り入れることによってラフなコーデも上品な雰囲気。温度調節もできるTheoryのものだという白のミモレ丈カーディガンは厚手で両サイドにポケットがついており、機能的なのに大きすぎないシルエットでお洒落な雰囲気を漂わせています。ヘアはざっくりと8:2ぐらいで分け、華奢なピアスをオン。デニムコーデでは大人のカッコよさも感じますね。 この投稿には「めっちゃカッコよすぎます！」「このコーデ大好きです！」「ラフな感じだけど亜希子ちゃんが着るとしっかりファッションになる！」「オーソドックスなスタイルもまた可愛い！」との声が相次ぎ、飾らないスタイルも美しく着こなす矢田さん。ブラウスは華やかなデザインこの投稿をInstagramで見る矢田亜希子(Akiko Yada)(@akiko_yada)がシェアした投稿 - 2020年 5月月3日午後8時30分PDT「オーダーしていた velnicaのブラウスとドレスが届いた」とのインスタには「＃早くドレスも着たい」「＃stayhome」とも記しており、今回はブラウスのみを着用。velnicaのブラウンのブラウスは袖コンシャスで今っぽいデザイン。レースの袖をきゅっと縛って広がるラインはキレイ目にもキュートにも着られる仕様に。スタンドカラーブラウスは、ふんわりシフォン素材で上半身を柔らかく包み込み優雅な印象。襟元とウエスト周りのギャザーがフレア＆フィットでスタイルアップも叶えてくれます。矢田さんはデニムに合わせ、華やかなブラウスにちょっぴり辛口テイストをプラスしバランスを調整。 この投稿には「本当に似合ってて、めっちゃ可愛い〜！ヤバッ」「めっちゃ欲しいデザイン！可愛い！」「亜希子さんいっつもお洒落！」「服もやけど、単純に矢田様の可愛さが目立って顔に目がいっちゃう！」との声が集まり、顔周りも明るくしてれるようなフェミニン度も高いブラウスは必見です。 久しぶりのメイク姿は「完璧です！」の声この投稿をInstagramで見る矢田亜希子(Akiko Yada)(@akiko_yada)がシェアした投稿 - 2020年 4月月23日午前3時16分PDT「1カ月以上振りにちゃんとメイクした！」とのインスタには、自宅収録だったとのことでメイク後の矢田さんの動画を公開。マスカラを塗ったという目元はいつもより上向きで、アイシャドウはほぼつけていないように見えますね。眉毛はトレンドの太眉で仕上げ、ほんのりピンクのチークと主張しすぎないオレンジ味を帯びたリップ、矢田さんの素の美しさが生きています。透明感溢れる肌はとても41歳とは思えない美しさです。 この投稿には「美人すぎる…こんな人と結婚できたらな」「ホンマいいフェイスですね！」「完璧です！」「綺麗で見惚れちゃいました！」との声が殺到し、コメント欄は大盛況。矢田さんの美しさは見ているだけで癒し効果があると言っても過言ではないでしょう。この投稿をInstagramで見る矢田亜希子(Akiko Yada)(@akiko_yada)がシェアした投稿 - 2020年 4月月10日午後10時58分PDT「フジテレビ『林修のニッポンドリル』」とのインスタには、白地に花柄の清楚なノースリーブワンピースに身を包んだ矢田さんの衣装を披露。この写真には「いつ老けるんだ…玉手箱しかそんなの無理」「あっこちゃん美魔女だ」「アラフォーになった今も、その美しさは変わらない、むしろ今の方が綺麗！」とのコメントも届き、矢田さんの美しさは衰え知らずでこんな可愛いママを持つ息子さんも羨ましい限りですよね。今後も美しい矢田さんの活躍を期待していきたいです！
42,女子,本当は「自分に自信がない男性」の特徴,https://image.news.livedoor.com/newsimage/stf/5/2/52bb1_1316_3dc5c685_ad1bb05b-m.jpg,最初は「謙虚でいい人だな」と思っていた男性が、実はただ単に自分に自信がない小心者でがっかりした、という経験はありませんか？ネガティブすぎる彼と一緒にいても、女性側の気持ちが下がっていくだけかも…。そこで今回は「本当は自分に自信がない男性の特徴」について20代男女にリサーチしてみました。■周りの目ばかり気にする「自分に自信がなさすぎて、とにかく周りから浮かないように必死です。ちょっとでも変なことをして目立つのが嫌なんです…」（20歳／男性／大学生）自分に自信がない人は、自意識過剰なまでにとにかく周りの目を気にするよう。なかには「俺なんかと付き合っているってバレたら、きっと彼女も周りからバカにされる…」なんてネガティブな考えをもっている男性もいます。また人の意見に流されてばかりの男性も、自分に自信がない証拠。ある程度自分の意思を持った頼れる存在の男性がタイプなら、避けたほうがいいかもしれませんね。■ケンカをすると投げやりになる「元カレはケンカになるとすぐに『もういいよ！俺が悪いって言いたいんでしょ』『ほっといてよ』と投げやりになるタイプだった。話し合いにならなくて困りましたね…」（25歳／女性／販売）何かあると「どうせ俺が悪いんでしょ…」と自分のせいにしておさめようとするのも、自分に自信がない人の特徴といえるでしょう。逆に自分の行動や発言に自信がある人だったら、たとえケンカになってもそのときの状況について説明してくるはずです。彼が「どうせ…」と言ってきた場合は、まずは時間をおいてから話し合うことが大切でしょう。■大きい夢ばかりを口にする「目の前にある仕事もできていないのに『こんな狭い世界は俺に向いていない』『いつか起業するための足掛かり』とか言っている同僚…。本当は毎日怒られてばかりで自分に自信がないんだろうなって思います」（22歳／女性／事務）大きい夢を語っている人って、一見自分に自信がありそうですよね。もちろん有言実行できれば問題ないですが、夢物語を口にしているだけなら話は別。現状に納得ができておらず、ただ逃避をしているだけともいえるからです。目の前のことをがんばって成果を出す自自信がないのかもしれません。本当に自分を信じている人だったら、まずはコツコツとできることを進めていくはずです。ビッグマウスな男性にはくれぐれも注意しましょう！■人の悪口ばかり言う「『あいつって上司に媚び売ってばかりだよな』とかちょいちょい悪口を言ってしまう…。本当はただ単に自信がなくて、周囲に嫉妬しているだけなんです…」（25歳／男性／営業）人の悪口を言うことで、自分の自信のなさを必死に隠そうとしているのでしょうか…。もちろんこれは間違ったストレス発散方法。もし彼氏が人の悪口ばかり言っていたら「でも○○君だってすごいところいっぱいあるじゃん！」と彼を肯定する流れに持っていきましょう。自分に自信がつけば、人を蔑むようなことは言わなくなるかも？■おわりに自分の自信のなさを隠す方法にも、さまざまな種類があるよう。がんばって彼の自信を取り戻せるよう、いろいろと試してみてくださいね。（和／ライター）（ハウコレ編集部）
43,女子,LINEビデオ通話のフィルターの使い方を徹底解説！盛れるフィルターも紹介♡,https://image.news.livedoor.com/newsimage/stf/5/f/5fc22_1727_40729217_6f3a9864-m.jpg,みなさんこんにちは！APPTOPIライターのnatsuです！みなさんはLINEのビデオ通話ってよく使いますか？私は友達との電話で使ったりします♪でも普通にビデオ通話するだけじゃつまらないですよね。そんな時に役立つのがビデオ通話の「フィルター」！顔を認識して、肌をきれいにしてくれたり、エフェクトをかけてくれたりするんです。今回はLINEのビデオ通話でフィルターを使う方法とともに、盛れるフィルターや面白いフィルターを紹介していきたいと思います！LINEビデオ通話で可愛く盛りたい人は必見なので是非チェックしてくださいね♡フィルターを駆使して、LINEビデオ通話をもっと楽しく！まずはLINEのビデオ通話を使う方法からご説明したいと思います！まずLINEを開き、通話したい相手やグループのトーク画面に行きます。トーク画面に行ったら右上の電話マークをタップします。すると、真ん中に「ビデオ通話」とでてくるのでそこをタップします。タップするとビデオ通話画面に切り替わります。LINEビデオ通話のフィルターの使い方次にビデオ通話フィルターの使い方を説明します。LINEビデオ通話画面の下のほうに、5つのマークが出てくるのですが、この中からにこちゃんマークをタップします。この時点でマークが出てこない場合は、画面を1回タップしてみてください。にこちゃんマークを押すとフィルターが選択できます！好きなフィルターでLINEビデオ通話を楽しんでくださいね♪LINEビデオ通話で使える【盛れる】フィルター紹介！でもいったいどのフィルターがいいの？と悩む人も多いと思います。ということで、LINEビデオ通話のフィルターを調べてみました！実際に画像を見せながら、種類別にまとめてみたいと思います！種類によって色味なども違うので要チェックです♡まずは「盛れる」フィルターからご紹介します！白いねこちゃんフィルターLINEビデオ通話で盛れる可愛いフィルターは、白い猫になれるフィルター。猫のフィルターはほかにもあるけど、この猫ちゃんのほうが盛れたと感じやすい♡目が大きくてたれ目になるのがポイント！赤いバンダナリボンフィルター赤いバンダナのフィルターを使うと肌の色が白めになり、赤が目立ってとっても可愛い！赤リップとも相性抜群で、目元の☆がポイント！ヘアーが寂しいときは使ってみてね♪にゃんこペイントフィルター一番最初に紹介したにゃんことは違って、ペイントで書かれた耳と髭が生えます♪こちらも両目の下の☆がかわいい♡バタフライ 蝶々 フィルターそばかすちゃんとカラフルな蝶々が可愛いフィルターは、妖精みたいになれるフィルター！カラコン機能もフィルターに入っているので、透明感のある目元に♪LINEビデオ通話で使える【ナチュラル美肌】フィルター紹介！次は、肌をナチュラルに美肌にしてくれるフィルターを紹介します！こちらのフィルターもとっても盛れるのですが、ナチュラルなので会議などにもおすすめ！それでは紹介します♡美人眼鏡フィルターナチュラルに盛れて美肌効果ナンバーワンの眼鏡フィルター！お肌の調子があまりよくなかったり、ファンデを塗っていない時はもってこい！ちょっと優等生みたい♪発色が強めの美肌フィルター発色が強めだけど、肌の艶がすごい美肌フィルター♪美白というよりは小麦っぽいけど、元気な印象にしてくれるフィルターです！ナチュラルな感じがGOOD！小さい耳のにゃんこフィルターこちらのにゃんこフィルターは耳が小さめ！その代わりにゃんこのお鼻と髭が大きめ♪美白にしてくれて、チークも入るので血色がよく写ります♪目元もシンプルなにゃんこフィルター！LINEビデオ通話で使える【動物】フィルター紹介！LINEのビデオ通話で使えるフィルターには、動物になれるフィルターがいっぱいあります！動物フィルターは面白いものから可愛いものまで様々！それではさっそく見ていきましょう！わんちゃんフィルターわんちゃんフィルターは、耳が垂れた犬になれちゃうフィルター！目も大きくて犬の口元がキュートです！ネックレスもついているので、アクセをつけわすれた時にはもってこい♪メガネコアラフィルター大きめメガネをつけたコアラのフィルター！耳はふわふわで色白になれます！メイクは少し濃いめに映るかも！目は大きくまんまるに！美肌効果◎メガネ無しコアラフィルターこちらはメガネなしのコアラフィルター！メガネありと違うところはフィルターがピンクがかっているところ！こちらも目はまんまるで大きくなります！美肌効果も◎です！しっぽ付きたぬきフィルターこちらのたぬきになれるフィルターは、なんとしっぽ付き！目が大きくなって口が小さくなります！なんだかちょっとへの字のお口に...でも美肌効果もあって可愛いので、使ってみてください！ぱんだフィルターなんとこのパンダのフィルターは、頭にパンダが乗って笹を食べ始めるんです！ちょっと生意気だけど可愛げのあるフィルター♡キラキラうさぎフィルター可愛いウサギのフィルター！耳がキラキラして落書き感が可愛いです！こちらも美肌効果あり！耳が長いのが特徴です♪LINEビデオ通話 で使える【面白い】フィルター紹介！次に紹介するのは「面白い」フィルター！ついつい長引いたLINEビデオ通話で、話題がなくなったときなどに使えば、また盛り上がること間違いなしですよ！気持ち悪いおじさんフィルター気持ち悪いおじさんフィルター！濃い青髭と太眉でおじさんになってみてはいかがですか？ネタにもなるので会話が弾むかも！泣き虫フィルター悲しいことがあったり、それを報告したい時はこのフィルターで気持ちを表現しましょう！泣いたらすっきりするはず♡兄貴！なフィルター妙に顔がマッチしてしまう、兄貴！なフィルター！目の調子が悪いときや、親分気分な時はぜひ使ってみてください♪はらぺこちゃんフィルターずっと食べ物のことを考えているかのようなフィルターは、おなかが空いたときにおすすめ！ブタさんのお鼻がついてお花の冠も！面白いけど、可愛さもあるフィルターです♪LINEビデオ通話 で使える【背景】フィルター紹介！最後にご紹介するのは「背景」が変わるフィルター。これを使えば、お部屋の片付けができてない時でもLINEでビデオ通話ができます！今お寺にいるよ！な背景フィルターまるでお寺にいるかのようなフィルター！この「360°」って書いてあるフィルターすごいんです！なんと背景が360°、カメラの角度に合わせて動くので、リアルな映像になります♪家にいて部屋が片付いていない！なんてときにおすすめ！夜の街 フィルター夜の街をお散歩してるよ感満載のフィルター！写りは暗めに写ります。夜のムードを出してみるのもいいかも！美肌効果あり！飛行機に搭乗しました！なフィルター飛行機に乗ったみたいなフィルター！飛行機の小窓が背景になっており、旅行気分が味わえます♪飛行機が好きな人におすすめ！窓側はレアです♡LINEビデオ通話のフィルターを使って、もっと通話を楽しもう！いかがでしたか？LINEビデオ通話のフィルターの使い方を紹介しました！フィルターを付けると可愛くなったり面白くなったりするので、是非ためしてみてくださいね♡
44,女子,無責任な男だったけど忘れられない！「過去の恋愛を断ち切る」方法,https://image.news.livedoor.com/newsimage/stf/3/5/35146_1316_02c1393c_e25ec701-m.jpg,自分にとって面倒なことや、都合の悪いことがあると、こちらからの連絡を全て無視。そのままフェードアウトする男っていませんか？真剣な話をうまくスルーして自然消滅を狙うような無責任な男とは付き合っていても損することばかりです。こんな男を引きずっても仕方ないと頭では思ったとしても、なかなか踏ん切りつかないこともあるかと思います。今回は、できるだけ早く過去の男性を断ち切って、新しいスタートを切るための方法について、お伝えしていきます。■環境を大きく変えるシンプルですが、今いる環境を大きく変えるのが良いでしょう。手っ取り早いのが引っ越しです。住んでいる部屋、地域を変えれば心機一転、過去を切り捨て新しいスタートを切りやすいでしょう。また、彼を思い出させるようなものは、早々に捨て去った方が無難です。人と言うのは思い出を美化しがち。部屋に何か思い出の品があると、なぜか彼とのいい思い出だけがよみがえってくるのです。ですが、それは錯覚。恋を忘れるのに妨げになるような錯覚を起こさないためにも、彼との思い出は詰まったものは捨てた方が良いのです。■自分の気持ちを一方的に手紙で、伝える彼に読まれる読まれないは考えず、とにかく自分の気持ちを一方的に手紙に書き出してみましょう。紙を用意するのが面倒なら、メールやLINEでもいいです。とにかく、よく思われようなどとは考えずに、思ったことを正直に伝えるのです。人は、あれを伝えておけば良かった、ああ言いたかった、といった思い残しがあると次のスタートを切りにくくなります。ですから、彼が読まなかろうが、自分の気持ちを伝えようとすることが大事なのです。■ＳＮＳや連絡先を削除する彼のSNSを見れないようブロックしたり、連絡先も消去してしまうのがよいでしょう。彼の状況を見れる状態ですと、どうしても過去のことを思い出してしまいます。連絡先があると、どうしても連絡したくなってしまいます。彼の存在がある限り、それが足かせとなって、次のスタートを切れなくなるのです。彼の存在を記憶からまるまる消してしまうためにも、もらったプレゼントだけではなく連絡先などすべて消してしまうのが良いでしょう。■自分磨きをする人は自分に自信がないと、「私ってこんなもんだ」と自分の価値を低く見積もります。そして、自分の価値を低く見てしまう人は、同じくらい価値が低いとされる、無責任男に惹かれてしまうのです。ですから、彼とあなたが、同じステージにいないことを認識するためにも、もっと自分に自信を持てることをした方が良いのです。たとえば、見た目を磨くのもそう、内面を磨くのもそう、自分自身の見識を広げることもそうです。そうやって、彼よりも自分の方が上のステージにあると認識できたとき、彼のことを引きずることもなくなるのですね。■おわりにいかがだったでしょうか？無責任男は、時間がたっても無責任男です。本人が痛い目を見たり、自覚しない限りなかなか変わることはないでしょう。そんな男を引きずるだけ、あなたの時間が無駄になります。前を向いて、新しいスタート切っていきましょう。（木田真也／ライター）（ハウコレ編集部）
45,女子,良かれと思ってやっていたのになぜ⁉「イイ子」から「イイ女」になるために,https://image.news.livedoor.com/newsimage/stf/5/5/55145_1316_fd10899d_a768be73-m.jpg,「女友達と親しすぎない？」と心配になったり「私がいるのに合コン行くってどうなの？」と内心腹が立ったりしても、そんなこと言っちゃ嫌われるから……なんて、物分かりのいいフリしていませんか？確かに言い過ぎれば関係が壊れることだってありますが、だからと言って、物分かりが良すぎるのもNG。それじゃただのイイ子と思われ、飽きられて終わってしまうかもしれません！イイ子を卒業して、イイ女を目指しませんか？今回は、女性が良かれと思ってしがちなことで、逆効果になっていることは何か、20代男性の意見を聞いてきました！■不満があっても我慢する「何か不満があっても我慢して絶対に言わない子って、一緒にいて疲れる。何を不満に思っているのか分からないし、隠しているつもりでも微妙に態度に出ちゃうんだから、素直に言ってくれればいいのにって思う」（27歳／金融関係）嫌われたくないと思うと、つい言いたいことを我慢してしまうこともありますよね。特に付き合いたてはお互い遠慮し合うのも当然かなと思いますが、不満があればちゃんと言えるようにならいと、長くは続かないと思います。不満もつい我慢しちゃうイイ子より、言いたいことをサラりと言えちゃう女性の方が、案外カレに大事にされていたりするものです。■なんでも許可を求める「元カノは、バイト仲間や同級生と遊びに行くときにいちいち男の子もいるけど行ってもいい？って俺に許可を求めてくる子で、それが面倒くさかった。行きたければ行けばいいし、行きたくないなら行かなきゃいい。俺の意見だけで自分の行動変えるのって自分がない気がしてつまらない」（22歳／学生）10代や20代前半の女性にけっこう多い傾向です。一見従順なイイ子に思われるかもしれませんが、面倒くさいと感じる男性は多いよう。結婚していれば家庭のこともあるので、ある程度お互いに相談し合うことも必要ですが、お付き合いしているうちは変な遠慮はいりません。一概に悪いとは言えませんが、カレに意見を求め過ぎず自分で判断することも大切ですよ。■物分かりが良すぎる「自分勝手な意見だってことは分かっているんだけど、物分かりが良すぎる子って一緒にいて飽きる。俺が付き合いで合コン行くって言っても、一緒にいるときに女友達から電話がかかってきて長話しちゃっても、一切何も言ってこないカノジョに正直飽きてきた。イイ子だなとは思うんだけど」（25歳／飲食関係）物分かりが良い女性は、ただのイイ子で終わってしまうことが多いようです。本当にカレの怪しい行動が気にならないのなら別ですが、イヤなことがあるのなら、ワガママだと思われてもいいから、自分の気持ちを伝えてみてはいかがでしょう？イイ女って、イイことばかり言うような女の人のことではないのです。醜い姿も時にはさらせちゃう、一見するとイイ女とは言い難いような人が、いつまでもカレに愛され続けることって、けっこうありますよ！■理想的なことしか言わない「グチばっかり言う子よりはマシだけど、理想的なことしか言わない子って一緒にいて面白くない。いつも前向きなのは素敵だよ。でもあまりにもでき過ぎていて人間味がないと、それはそれでつまらない。勝手なこと言っているのは分かっているんだけど」（26歳／広告関係）いつも明るくポジティブなことを口にしていないとカレに暗い子だと思われるんじゃないか、そんな気持ちから無理をしてしまう女性も多いのかもしれませんね。もちろん、前向きに考えることもグチばかり言わないように心掛けることも素晴らしいことではあります。でも、悲しいことも、腹が立つことも、人間なら誰にだってありますよね。そういった部分が見えないとカレも心を閉じられていると感じてしまいます。1番身近なカレになら、時にはそんな自分を見せてもいいのではないでしょうか？■おわりにいかがでしたか？我慢したり、カレの意見を聞いたり、頑張っていイイ子でいるのにいつもフラれちゃう方はぜひ参考にしてみてください。（愛子／ライター）（ハウコレ編集部）
46,女子,彼女には言えない…デートのときの「男子の本音」,null,デートで「なんでもいいよ」と言いながら、なんでもよくない女心があるように、男性もストレートな言葉通りでない男心があります。男心を知っていれば、彼の負担もぐんと減って、あなたと一緒にいることに居心地いいなと感じるはず。おのずと長続きする恋愛へとつながります。そこで、言葉通りストレートではない男心についてアドバイスします。これを押さえておけば彼もあなたのこと、「わかってくれる」って思ってくれるかもしれませんよ。「割り勘にしたい」デート費用ですが、割り勘しようと言っても「俺が出すよ」という男性も多いです。でも実は、口ではそう言っても割り勘がいいなと思っている男性は案外多いのです。男性心理としては、ここでもう一押し、「やっぱり割り勘でいいよ」と言ってもらいたいのが本音です。男性も昨今「お金がない」と感じている人も増えてきているようです。デートのときにはなんでも「いいよ」と支払ってくれたとしても、後の生活費はかなり慎ましくしていることもあるんです。仲が悪いわけじゃないのに、月末近くになるとやたらデートのキャンセルがあったり、用事が立て込む彼がいれば、原因はお金かもしれませんよ。「仕事と恋愛は別もの」「どんなときも一番に君のことを考えている」と言っても、そう毎日彼女のことばかりを考えてはいられないのが男性の本音なのだと思います。たとえば、仕事が急に入ったらデートをキャンセルせざるを得ないこともあります。「私のこと一番に考えているって言ってたのに」そう思う女性も多いでしょう。ですが、男性にとっては恋愛と仕事はまったく別だと思った方がよいのかもしれません。恋愛と仕事を同列に考える傾向にある女性の心理を、男性はなかなか理解できない場合も多いみたいです。あなたと一緒にいるときでも、仕事について考えていることもあるでしょう。また、場合によっては、「いまは仕事を優先したい」と考えることもあるでしょう。それでもまったく悪気はないので、これで彼を責めてもなぜ責められているのかはわかっていません。だから、あなたもこのことを理解してあげてください。あなたが彼を思いやることで、彼の方もあなたを理解しようとしてくれて、さらに2人はいい関係になっていけるはず。おわりに男性も女性と同じように言葉通りでない心理があります。あなたの彼も、もしかしたら当てはまるかもしれません。いつも大切にしてくれている彼を思いやることができてこそ素敵な彼女。ぜひ参考にしてみてくださいね。（如月柊／ライター）（愛カツ編集部）